,Smiles,Property,Value,Units
0,C=CC#N.C=Cc1ccccc1,Density,1.075,g/cm3
1,C=CC#N.C=Cc1ccccc1,Density,1.08,g/cm3
2,C=CC#N.C=Cc1ccccc1,Density,1.08,g/cm3
3,C=CC#N.C=Cc1ccccc1,Density,1.08,g/cm3
4,C=CC#N.C=Cc1ccccc1,Density,1.31,g/cm3
5,C=CC#N.C=Cc1ccccc1,Density,1.31,g/cm3
6,C=CC=C.C=CC#N,Density,1.15,g/cm3
7,C=CC=C.C=CC#N,Density,0.95,g/cm3
8,C=CC=C.C=CC#N,Density,1.085,g/cm3
9,C=CC=C.C=CC#N,Density,1.18,g/cm3
10,C=CC=C.C=CC#N,Density,0.99,g/cm3
11,C=CC=C.C=CC#N,Density,1.24,g/cm3
12,C=CC=C.C=CC#N.C=Cc1ccccc1,Density,1.05,g/cm3
13,C=CC=C.C=CC#N.C=Cc1ccccc1,Density,1.06,g/cm3
14,C=CC=C.C=CC#N.C=Cc1ccccc1,Density,1.03,g/cm3
15,C=CC=C.C=CC#N.C=Cc1ccccc1,Density,1.2,g/cm3
16,C=CC=C.C=CC#N.C=Cc1ccccc1,Density,1.2,g/cm3
17,C=CC=C.C=CC#N.C=Cc1ccccc1,Density,1.06,g/cm3
18,C=CC=C.C=CC#N.C=Cc1ccccc1,Density,1.04,g/cm3
19,C=CC=C.C=CC#N.C=Cc1ccccc1,Density,1.12,g/cm3
20,C=CC=C.C=CC#N.C=Cc1ccccc1,Density,1.06,g/cm3
21,C=CC=C.C=CC#N.C=Cc1ccccc1,Density,1.25,g/cm3
22,C=CC=C.C=CC#N.C=Cc1ccccc1,Density,1.1,g/cm3
23,C=CC=C.C=CC#N.C=Cc1ccccc1,Density,1.17,g/cm3
24,C=CC=C.C=CC#N.C=Cc1ccccc1,Density,1.25,g/cm3
25,C=CC=C.C=CC#N.C=Cc1ccccc1,Density,1.15,g/cm3
26,C=CC=C.C=CC#N.C=Cc1ccccc1,Density,1.15,g/cm3
27,C=CC=C.C=CC#N.C=Cc1ccccc1,Density,1.27,g/cm3
28,CCOC(=O)C(=C)C#N,Density,1.2,g/cm3
29,CCOC(=O)C(=C)C#N,Density,1.248,g/cm3
30,CC(C)COC(=O)C(=C)C#N,Density,1.125,g/cm3
31,C\C=C\C,Density,0.9129999999999999,g/cm3
32,C\C=C\C,Density,0.893,g/cm3
33,C\C=C\C,Density,1.01,g/cm3
34,C=CC=C.C=Cc1ccccc1,Density,0.9329999999999999,g/cm3
35,C=CC=C.C=Cc1ccccc1,Density,0.98,g/cm3
36,C=CC=C.C=Cc1ccccc1,Density,1.15,g/cm3
37,C=CC=C.C=Cc1ccccc1,Density,0.94,g/cm3
38,C=CC=C.C=Cc1ccccc1,Density,1.04,g/cm3
39,C=CC=C.C=Cc1ccccc1,Density,0.93,g/cm3
40,C=CC=C.C=Cc1ccccc1,Density,0.945,g/cm3
41,CC(C)=C.CC(=C)C=C,Density,0.917,g/cm3
42,CC(C)=C.CC(=C)C=C,Density,0.9329999999999999,g/cm3
43,CC(C)=C.CC(=C)C=C,Density,0.95,g/cm3
44,CC(C)=C.CC(=C)C=C,Density,1.13,g/cm3
45,CC(=C)C=C.C=Cc1ccccc1,Density,0.92,g/cm3
46,ClC(Cl)=C.C=CC=C.C=Cc1ccccc1,Density,0.9640000000000001,g/cm3
47,FC(F)=C(F)Cl.ClC=C,Density,1.7,g/cm3
48,ClC=C,Density,1.385,g/cm3
49,ClC=C,Density,1.44,g/cm3
50,ClC=C,Density,1.34,g/cm3
51,ClC=C,Density,1.4,g/cm3
52,ClC=C,Density,1.39,g/cm3
53,CC(O)COC(=O)C=C.CC(=O)OC=C.ClC=C,Density,1.35,g/cm3
54,CC(O)COC(=O)C=C.CC(=O)OC=C.ClC=C,Density,1.2,g/cm3
55,ClC=C,Density,1.4,g/cm3
56,ClC(Cl)=C.C=CC#N,Density,1.34,g/cm3
57,CCF,Density,1.475,g/cm3
58,CCF,Density,1.45,g/cm3
59,FC(F)=C,Density,1.775,g/cm3
60,FC(F)=C(F)F.C=C,Density,1.7,g/cm3
61,FC(F)=C(F)Cl.C=C,Density,1.7,g/cm3
62,FC(F)=C.FC(F)=C(F)F,Density,1.8805,g/cm3
63,FC(F)=C.FC(F)=C(F)F,Density,1.88,g/cm3
64,FC(F)=C.FC(F)=C(F)F,Density,1.87,g/cm3
65,FC(F)=C.FC(F)=C(F)F,Density,1.857,g/cm3
66,FC(F)=C.FC(F)=C(F)F,Density,1.915,g/cm3
67,FC(F)=C.FC(F)=C(F)F,Density,1.896,g/cm3
68,C=CC=C.C=Cc1ccccc1,Density,0.9,g/cm3
69,C1Cc2ccc(CCc3ccc1cc3)cc2,Density,1.2890000000000001,g/cm3
70,C1Cc2ccc(CCc3ccc1cc3)cc2,Density,1.11,g/cm3
71,C1Cc2ccc(CCc3ccc1cc3)cc2,Density,1.4180000000000001,g/cm3
72,C1Cc2ccc(CCc3ccc1cc3)cc2,Density,1.58,g/cm3
73,CC(C)=C.Cc1ccc(O)cc1.C2C=CC3C4CC(C=C4)C23,Density,1.04,g/cm3
74,CCOC(=O)C=C,Density,1.12,g/cm3
75,CCCOC(=O)C=C,Density,1.1,g/cm3
76,CCOC(=O)C=C.C=C,Density,0.93,g/cm3
77,CCCCCCNC(=O)CCCCC(N)=O,Density,1.23,g/cm3
78,CCCCCCNC(=O)CCCCC(N)=O,Density,1.32,g/cm3
79,CCCCCCNC(=O)CCCCC(N)=O,Density,1.36,g/cm3
80,CCCCCCNC(=O)CCCCC(N)=O,Density,1.41,g/cm3
81,CCCCCCNC(=O)CCCCC(N)=O,Density,1.55,g/cm3
82,CCCCCCNC(=O)CCCCC(N)=O,Density,1.4,g/cm3
83,CCCCCCNC(=O)CCCCC(N)=O,Density,1.47,g/cm3
84,CCCCCCNC(=O)CCCCC(N)=O,Density,1.56,g/cm3
85,CCCCCCNC(=O)CCCCC(N)=O,Density,1.36,g/cm3
86,OC=C,Density,1.345,g/cm3
87,OC=C,Density,1.2690000000000001,g/cm3
88,OC=C,Density,1.29,g/cm3
89,OC=C,Density,1.02,g/cm3
90,OC=C,Density,1.348,g/cm3
91,OC=C,Density,1.345,g/cm3
92,OC=C,Density,1.265,g/cm3
93,OC=C,Density,1.2690000000000001,g/cm3
94,OC=C,Density,1.26,g/cm3
95,OC=C,Density,1.29,g/cm3
96,OC=C,Density,1.34,g/cm3
97,OC=C,Density,1.26,g/cm3
98,OC=C,Density,1.3019999999999998,g/cm3
99,OC=C,Density,1.294,g/cm3
100,OC=C,Density,1.22,g/cm3
101,CC(C)CC=C,Density,1.08,g/cm3
102,CC(C)(c1ccc(O)cc1)c2ccc(O)cc2.CC(C)(c3cc(Br)c(O)c(Br)c3)c4cc(Br)c(O)c(Br)c4.ClC(Cl)=O,Density,1.24,g/cm3
103,CC(C)(c1ccc(O)cc1)c2ccc(O)cc2.OC(O)=O,Density,1.196,g/cm3
104,CC(C)(c1ccc(O)cc1)c2ccc(O)cc2.OC(O)=O,Density,1.3159999999999998,g/cm3
105,CC(C)(c1ccc(O)cc1)c2ccc(O)cc2.OC(O)=O,Density,1.26,g/cm3
106,CC(C)(c1ccc(O)cc1)c2ccc(O)cc2.OC(O)=O,Density,1.27,g/cm3
107,CC(C)(c1ccc(O)cc1)c2ccc(O)cc2.OC(O)=O,Density,1.345,g/cm3
108,CC(C)(c1ccc(O)cc1)c2ccc(O)cc2.OC(O)=O,Density,1.435,g/cm3
109,CC(C)(c1ccc(O)cc1)c2ccc(O)cc2.OC(O)=O,Density,1.23,g/cm3
110,CC(C)(c1ccc(O)cc1)c2ccc(O)cc2.OC(O)=O,Density,1.26,g/cm3
111,CC(C)(c1ccc(O)cc1)c2ccc(O)cc2.OC(O)=O,Density,1.29,g/cm3
112,CC(C)(c1ccc(O)cc1)c2ccc(O)cc2.OC(O)=O,Density,1.32,g/cm3
113,CC(C)(c1ccc(O)cc1)c2ccc(O)cc2.OC(O)=O,Density,1.22,g/cm3
114,CC(C)(c1ccc(O)cc1)c2ccc(O)cc2.OC(O)=O,Density,1.28,g/cm3
115,CC(C)(c1ccc(O)cc1)c2ccc(O)cc2.OC(O)=O,Density,1.23,g/cm3
116,CC(C)(c1ccc(O)cc1)c2ccc(O)cc2.OC(O)=O,Density,1.24,g/cm3
117,CC(C)(c1ccc(O)cc1)c2ccc(O)cc2.OC(O)=O,Density,1.29,g/cm3
118,CC(C)(c1ccc(O)cc1)c2ccc(O)cc2.OC(O)=O,Density,1.34,g/cm3
119,CC(C)(c1ccc(O)cc1)c2ccc(O)cc2.OC(O)=O,Density,1.33,g/cm3
120,CC(C)(c1ccc(O)cc1)c2ccc(O)cc2.OC(O)=O,Density,1.35,g/cm3
121,CC(C)(c1ccc(O)cc1)c2ccc(O)cc2.OC(O)=O,Density,1.38,g/cm3
122,CC(C)(c1ccc(O)cc1)c2ccc(O)cc2.OC(O)=O,Density,1.28,g/cm3
123,CC(C)(c1ccc(O)cc1)c2ccc(O)cc2.OC(O)=O,Density,1.37,g/cm3
124,CC(C)(c1ccc(O)cc1)c2ccc(O)cc2.OC(O)=O,Density,1.54,g/cm3
125,CC(C)(c1ccc(O)cc1)c2ccc(O)cc2.OC(O)=O,Density,1.4,g/cm3
126,CC(C)(c1ccc(O)cc1)c2ccc(O)cc2.OC(O)=O,Density,1.275,g/cm3
127,CC(C)(c1ccc(O)cc1)c2ccc(O)cc2.ClC(Cl)=O.ClC(=O)c3ccc(cc3)C(Cl)=O.ClC(=O)c4cccc(c4)C(Cl)=O,Density,1.2,g/cm3
128,CC(C)(c1ccc(O)cc1)c2ccc(O)cc2.ClC(Cl)=O.ClC(=O)c3ccc(cc3)C(Cl)=O.ClC(=O)c4cccc(c4)C(Cl)=O,Density,1.2,g/cm3
129,CC(C)(c1ccc(O)cc1)c2ccc(O)cc2.ClC(Cl)=O.ClC(=O)c3ccc(cc3)C(Cl)=O.ClC(=O)c4cccc(c4)C(Cl)=O,Density,1.2,g/cm3
130,CC(C)(c1ccc(O)cc1)c2ccc(O)cc2.ClC(Cl)=O.ClC(=O)c3ccc(cc3)C(Cl)=O.ClC(=O)c4cccc(c4)C(Cl)=O,Density,1.2,g/cm3
131,CC(C)(c1ccc(O)cc1)c2ccc(O)cc2.ClC(Cl)=O.ClC(=O)c3ccc(cc3)C(Cl)=O.ClC(=O)c4cccc(c4)C(Cl)=O,Density,1.197,g/cm3
132,CC(C)(c1ccc(O)cc1)c2ccc(O)cc2.ClC(Cl)=O.ClC(=O)c3ccc(cc3)C(Cl)=O.ClC(=O)c4cccc(c4)C(Cl)=O,Density,1.202,g/cm3
133,CC(O)COC(C)CO,Density,1.157,g/cm3
134,CC(O)COC(C)CO,Density,1.002,g/cm3
135,CC(O)COC(C)CO,Density,1.0125,g/cm3
136,C=C,Density,0.935,g/cm3
137,C=C,Density,0.9,g/cm3
138,C=Cc1ccccc1,Density,0.8865,g/cm3
139,C=Cc1ccccc1,Density,0.9149,g/cm3
140,C=Cc1ccccc1,Density,0.9304,g/cm3
141,C=Cc1ccccc1,Density,0.968,g/cm3
142,C=Cc1ccccc1,Density,0.9731,g/cm3
143,C=Cc1ccccc1,Density,0.9908,g/cm3
144,C=Cc1ccccc1,Density,1.075,g/cm3
145,CCC=C.CC=C.C=C,Density,0.86,g/cm3
146,ClCC1(CCl)COC1,Density,1.05,g/cm3
147,ClCC1(CCl)COC1,Density,0.92,g/cm3
148,ClCC1(CCl)COC1,Density,0.95,g/cm3
149,CC1CO1.C=CCOCC2CO2,Density,1.01,g/cm3
150,C=C,Density,1.0,g/cm3
151,C=C,Density,0.955,g/cm3
152,C=C,Density,0.95,g/cm3
153,C=C,Density,0.965,g/cm3
154,C=C,Density,0.9640000000000001,g/cm3
155,C=C,Density,1.0,g/cm3
156,C=C,Density,0.965,g/cm3
157,C=C,Density,0.9325,g/cm3
158,C=C,Density,0.9229999999999999,g/cm3
159,C=C,Density,0.935,g/cm3
160,C=C,Density,0.9325,g/cm3
161,C=C,Density,0.9075,g/cm3
162,C=C,Density,0.88,g/cm3
163,COC(=O)c1ccc(cc1)C(=O)OC.OCCCCO,Density,1.2890000000000001,g/cm3
164,COC(=O)c1ccc(cc1)C(=O)OC.OCCCCO,Density,1.2830000000000001,g/cm3
165,COC(=O)c1ccc(cc1)C(=O)OC.OCCCCO,Density,1.31,g/cm3
166,COC(=O)c1ccc(cc1)C(=O)OC.OCCCCO,Density,1.8,g/cm3
167,COC(=O)c1ccc(cc1)C(=O)OC.OCCCCO,Density,1.66,g/cm3
168,COC(=O)c1ccc(cc1)C(=O)OC.OCCCCO,Density,1.41,g/cm3
169,OCCCCOC(=O)c1ccc(cc1)C(=O)OCCCCOC(=O)c2ccc(cc2)C(O)=O,Density,1.15,g/cm3
170,OCCCCOC(=O)c1ccc(cc1)C(=O)OCCCCOC(=O)c2ccc(cc2)C(O)=O,Density,1.189,g/cm3
171,OCCCCOC(=O)c1ccc(cc1)C(=O)OCCCCOC(=O)c2ccc(cc2)C(O)=O,Density,1.1520000000000001,g/cm3
172,OCCCCOC(=O)c1ccc(cc1)C(=O)OCCCCOC(=O)c2ccc(cc2)C(O)=O,Density,1.204,g/cm3
173,OCCCCOC(=O)c1ccc(cc1)C(=O)OCCCCOC(=O)c2ccc(cc2)C(O)=O,Density,1.19,g/cm3
174,OCCCCOC(=O)c1ccc(cc1)C(=O)OCCCCOC(=O)c2ccc(cc2)C(O)=O,Density,1.19,g/cm3
175,OCCCCOC(=O)c1ccc(cc1)C(=O)OCCCCOC(=O)c2ccc(cc2)C(O)=O,Density,1.17,g/cm3
176,COC(=O)c1ccc(cc1)C(=O)OC.OCCCCO,Density,1.3,g/cm3
177,COC(=O)c1ccc(cc1)C(=O)OC.OCCCCO,Density,1.29,g/cm3
178,COC(=O)c1ccc(cc1)C(=O)OC.OCCCCO,Density,1.42,g/cm3
179,COC(=O)c1ccc(cc1)C(=O)OC.OCCCCO,Density,1.43,g/cm3
180,COC(=O)c1ccc(cc1)C(=O)OC.OCCCCO,Density,1.29,g/cm3
181,Nc1ccc(Oc2ccc(N)cc2)cc1.O=C3OC(=O)c4cc5C(=O)OC(=O)c5cc34,Density,1.54,g/cm3
182,Nc1ccc(Oc2ccc(N)cc2)cc1.O=C3OC(=O)c4cc5C(=O)OC(=O)c5cc34,Density,1.42,g/cm3
183,C[C@H](N)C(O)=O,Density,1.265,g/cm3
184,C=CCC=C,Density,0.89,g mL-1
185,C=CCC=C,Calculated Density,0.86 - 0.93,g mL-1
186,C=CCC=C,Preferred Calculated Density,0.89,g mL-1
187,O=C(C(=C)C)NCc1ccccc1,Density,1.10 - 1.11,g mL-1
188,O=C(C(=C)C)NCc1ccccc1,Preferred Density,1.13,g mL-1
189,O=C(C(=C)C)NCc1ccccc1,Calculated Density,1.10 - 1.15,g mL-1
190,O=C(C(=C)C)NCc1ccccc1,Preferred Calculated Density,1.13,g mL-1
191,COC(=O)C(=C)C,Density,1.12 - 1.17,g mL-1
192,COC(=O)C(=C)C,Preferred Density,1.15,g mL-1
193,COC(=O)C(=C)C,Calculated Density,1.16 - 1.20,g mL-1
194,COC(=O)C(=C)C,Preferred Calculated Density,1.17,g mL-1
195,C=CC=C,Density,0.89,g mL-1
196,C=CC=C,Density,0.93 - 0.97,g mL-1
197,C=CC=C,Density,0.92 - 1.01,g mL-1
198,C=CC=C,Preferred Density,0.89,g mL-1
199,C=CC=C,Preferred Density,0.95,g mL-1
200,C=CC=C,Preferred Density,0.96,g mL-1
201,C=CC=C,Calculated Density,0.89 - 0.91,g mL-1
202,C=CC=C,Preferred Calculated Density,0.9,g mL-1
203,O=C1CCCCCCCN1,Density,1.04,g mL-1
204,O=C1CCCCCCCN1,Preferred Density,1.04,g mL-1
205,O=C1CCCCCCCN1,Calculated Density,1.01 - 1.03,g mL-1
206,O=C1CCCCCCCN1,Preferred Calculated Density,1.02,g mL-1
207,C=Cc1cc(F)ccc1F,Density,0.96,g mL-1
208,C=Cc1cc(F)ccc1F,Calculated Density,0.87 - 0.96,g mL-1
209,C=Cc1cc(F)ccc1F,Preferred Calculated Density,0.92,g mL-1
210,CCCOC(=O)C(=C)C,Density,1.07 - 1.08,g mL-1
211,CCCOC(=O)C(=C)C,Preferred Density,1.08,g mL-1
212,CCCOC(=O)C(=C)C,Calculated Density,1.07 - 1.10,g mL-1
213,CCCOC(=O)C(=C)C,Preferred Calculated Density,1.09,g mL-1
214,OC(=O)CCCCCCCCC(=O)O.OCCCCO,Density,1.14,g mL-1
215,OC(=O)CCCCCCCCC(=O)O.OCCCCO,Calculated Density,1.08 - 1.10,g mL-1
216,OC(=O)CCCCCCCCC(=O)O.OCCCCO,Preferred Calculated Density,1.09,g mL-1
217,CCCCC=C,Density,0.86 - 0.87,g mL-1
218,CCCCC=C,Preferred Density,0.86,g mL-1
219,CCCCC=C,Calculated Density,0.83 - 0.90,g mL-1
220,CCCCC=C,Preferred Calculated Density,0.86,g mL-1
221,COC(=O)C(=C)C#N,Density,1.30 - 1.35,g mL-1
222,COC(=O)C(=C)C#N,Preferred Density,1.33,g mL-1
223,COC(=O)C(=C)C#N,Calculated Density,1.27 - 1.40,g mL-1
224,COC(=O)C(=C)C#N,Preferred Calculated Density,1.35,g mL-1
225,OC(=O)CCC(=O)O.OCCCO,Calculated Density,1.26 - 1.34,g mL-1
226,OC(=O)CCC(=O)O.OCCCO,Preferred Calculated Density,1.3,g mL-1
227,COCC1CO1,Density,1.1,g mL-1
228,COCC1CO1,Calculated Density,1.02 - 1.17,g mL-1
229,COCC1CO1,Preferred Calculated Density,1.09,g mL-1
230,Oc1ccc(cc1)Cc1ccc(cc1)O.ClC(=O)Cl,Density,1.24,g mL-1
231,Oc1ccc(cc1)Cc1ccc(cc1)O.ClC(=O)Cl,Calculated Density,1.26 - 1.28,g mL-1
232,Oc1ccc(cc1)Cc1ccc(cc1)O.ClC(=O)Cl,Preferred Calculated Density,1.27,g mL-1
233,CCSC=C,Calculated Density,1.05 - 1.10,g mL-1
234,CCSC=C,Preferred Calculated Density,1.07,g mL-1
235,CC(=C)C(=O)Oc1ccccc1,Density,1.21,g mL-1
236,CC(=C)C(=O)Oc1ccccc1,Calculated Density,1.17 - 1.21,g mL-1
237,CC(=C)C(=O)Oc1ccccc1,Preferred Calculated Density,1.2,g mL-1
238,CCCCCCCC=C,Density,0.871,g mL-1
239,CCCCCCCC=C,Calculated Density,0.84 - 0.90,g mL-1
240,CCCCCCCC=C,Preferred Calculated Density,0.86,g mL-1
241,CCCCOC(=O)/C=C/C(=O)OCCCC,Calculated Density,1.09 - 1.13,g mL-1
242,CCCCOC(=O)/C=C/C(=O)OCCCC,Preferred Calculated Density,1.12,g mL-1
243,C=COC(=O)CC,Density,1.11 - 1.12,g mL-1
244,C=COC(=O)CC,Preferred Density,1.12,g mL-1
245,C=COC(=O)CC,Calculated Density,1.14 - 1.19,g mL-1
246,C=COC(=O)CC,Preferred Calculated Density,1.16,g mL-1
247,ClC(=C)Cl,Density,1.65 - 1.78,g mL-1
248,ClC(=C)Cl,Preferred Density,1.71,g mL-1
249,ClC(=C)Cl,Calculated Density,1.67 - 1.77,g mL-1
250,ClC(=C)Cl,Preferred Calculated Density,1.71,g mL-1
251,OC(=O)c1ccc(cc1)C(=O)O.OCCCCO,Density,1.31,g mL-1
252,OC(=O)c1ccc(cc1)C(=O)O.OCCCCO,Calculated Density,1.24 - 1.31,g mL-1
253,OC(=O)c1ccc(cc1)C(=O)O.OCCCCO,Preferred Calculated Density,1.27,g mL-1
254,C=O,Density,1.20 - 1.25,g mL-1
255,C=O,Preferred Density,1.23,g mL-1
256,C=O,Calculated Density,1.14 - 1.36,g mL-1
257,C=O,Preferred Calculated Density,1.27,g mL-1
258,CC(=O)C(C)=C,Density,1.12 - 1.15,g mL-1
259,CC(=O)C(C)=C,Preferred Density,1.14,g mL-1
260,CC(=O)C(C)=C,Calculated Density,1.06 - 1.09,g mL-1
261,CC(=O)C(C)=C,Preferred Calculated Density,1.07,g mL-1
262,CCCCCCCCCCCCCCCCCCOC(=O)C(=C)C,Calculated Density,0.92 - 0.97,g mL-1
263,CCCCCCCCCCCCCCCCCCOC(=O)C(=C)C,Preferred Calculated Density,0.94,g mL-1
264,C=Cc1ccc(cc1)O,Density,1.16,g mL-1
265,C=Cc1ccc(cc1)O,Calculated Density,1.13 - 1.19,g mL-1
266,C=Cc1ccc(cc1)O,Preferred Calculated Density,1.16,g mL-1
267,C1CCO1,Density,1.061,g mL-1
268,C1CCO1,Calculated Density,0.98 - 1.09,g mL-1
269,C1CCO1,Preferred Calculated Density,1.04,g mL-1
270,CCCCCCC=C,Density,0.871,g mL-1
271,CCCCCCC=C,Calculated Density,0.84 - 0.90,g mL-1
272,CCCCCCC=C,Preferred Calculated Density,0.86,g mL-1
273,FC=C,Density,1.28 - 1.38,g mL-1
274,FC=C,Preferred Density,1.34,g mL-1
275,FC=C,Calculated Density,1.25 - 1.27,g mL-1
276,FC=C,Preferred Calculated Density,1.26,g mL-1
277,CSC=C,Density,1.11,g mL-1
278,CSC=C,Preferred Density,1.11,g mL-1
279,CSC=C,Calculated Density,1.10 - 1.15,g mL-1
280,CSC=C,Preferred Calculated Density,1.12,g mL-1
281,CCCCC(COC(=O)C=C)CC,Density,0.90 - 1.03,g mL-1
282,CCCCC(COC(=O)C=C)CC,Preferred Density,0.96,g mL-1
283,CCCCC(COC(=O)C=C)CC,Calculated Density,0.98 - 1.03,g mL-1
284,CCCCC(COC(=O)C=C)CC,Preferred Calculated Density,1,g mL-1
285,CCCCSC=C,Density,0.98,g mL-1
286,CCCCSC=C,Calculated Density,1.04 - 1.00,g mL-1
287,CCCCSC=C,Preferred Calculated Density,1,g mL-1
288,C=CC(=O)OC1CCCCC1,Density,1.08,g mL-1
289,C=CC(=O)OC1CCCCC1,Calculated Density,1.13 - 1.14,g mL-1
290,C=CC(=O)OC1CCCCC1,Preferred Calculated Density,1.13,g mL-1
291,CCCCCCCCNC(=O)C=C,Density,1,g mL-1
292,CCCCCCCCNC(=O)C=C,Calculated Density,0.97 - 1.00,g mL-1
293,CCCCCCCCNC(=O)C=C,Preferred Calculated Density,0.98,g mL-1
294,CCCCCCOCC1CO1,Density,0.97,g mL-1
295,CCCCCCOCC1CO1,Calculated Density,0.94 - 1.04,g mL-1
296,CCCCCCOCC1CO1,Preferred Calculated Density,0.98,g mL-1
297,CC(=C)C(=O)OC(C)(C)C,Density,1.02,g mL-1
298,CC(=C)C(=O)OC(C)(C)C,Preferred Density,1.02,g mL-1
299,CC(=C)C(=O)OC(C)(C)C,Calculated Density,1.04 - 1.07,g mL-1
300,CC(=C)C(=O)OC(C)(C)C,Preferred Calculated Density,1.06,g mL-1
301,OC(=O)CCC(=O)O.OCCO,Calculated Density,1.31 - 1.41,g mL-1
302,OC(=O)CCC(=O)O.OCCO,Preferred Calculated Density,1.36,g mL-1
303,C=CC(=O)OC(C)(C)C,Density,1,g mL-1
304,C=CC(=O)OC(C)(C)C,Calculated Density,1.05 - 1.10,g mL-1
305,C=CC(=O)OC(C)(C)C,Preferred Calculated Density,1.08,g mL-1
306,CC(=C)C#N,Density,1.10 - 1.13,g mL-1
307,CC(=C)C#N,Preferred Density,1.11,g mL-1
308,CC(=C)C#N,Calculated Density,1.05 - 1.10,g mL-1
309,CC(=C)C#N,Preferred Calculated Density,1.09,g mL-1
310,OC(=O)c1ccc(cc1)CCCCCc1ccc(cc1)C(=O)O.CC(=O)OC(=O)C,Calculated Density,1.15 - 1.21,g mL-1
311,OC(=O)c1ccc(cc1)CCCCCc1ccc(cc1)C(=O)O.CC(=O)OC(=O)C,Preferred Calculated Density,1.17,g mL-1
312,OC(=O)C=C,Density,1.22 - 1.41,g mL-1
313,OC(=O)C=C,Preferred Density,1.41,g mL-1
314,OC(=O)C=C,Calculated Density,1.41 - 1.48,g mL-1
315,OC(=O)C=C,Preferred Calculated Density,1.44,g mL-1
316,CCCCCC(=O)OC=C,Density,1.071,g mL-1
317,CCCCCC(=O)OC=C,Calculated Density,1.03 - 1.07,g mL-1
318,CCCCCC(=O)OC=C,Preferred Calculated Density,1.06,g mL-1
319,OC(=O)c1ccccc1C(=O)O.OCCO,Density,1.34,g mL-1
320,OC(=O)c1ccccc1C(=O)O.OCCO,Calculated Density,1.31 - 1.43,g mL-1
321,OC(=O)c1ccccc1C(=O)O.OCCO,Preferred Calculated Density,1.36,g mL-1
322,CC(OC(=O)C=C)CC,Density,1.05,g mL-1
323,CC(OC(=O)C=C)CC,Calculated Density,1.04 - 1.10,g mL-1
324,CC(OC(=O)C=C)CC,Preferred Calculated Density,1.07,g mL-1
325,CC(COC(=O)C(=C)C)O,Density,1.33,g mL-1
326,CC(COC(=O)C(=C)C)O,Calculated Density,1.17 - 1.21,g mL-1
327,CC(COC(=O)C(=C)C)O,Preferred Calculated Density,1.19,g mL-1
328,CCCCOCC1CO1,Density,0.98,g mL-1
329,CCCCOCC1CO1,Calculated Density,0.96 - 1.07,g mL-1
330,CCCCOCC1CO1,Preferred Calculated Density,1.01,g mL-1
331,Brc1ccc(Br)cc1.Oc1ccccc1,Density,1.23 - 1.27,g mL-1
332,Brc1ccc(Br)cc1.Oc1ccccc1,Calculated Density,1.20 - 1.23,g mL-1
333,Brc1ccc(Br)cc1.Oc1ccccc1,Preferred Calculated Density,1.22,g mL-1
334,CCCCCCCCOC(=O)C(=C)C,Density,0.97,g mL-1
335,CCCCCCCCOC(=O)C(=C)C,Calculated Density,0.98 - 1.02,g mL-1
336,CCCCCCCCOC(=O)C(=C)C,Preferred Calculated Density,1,g mL-1
337,CC(=C)c1ccccc1,Density,1.06 - 1.08,g mL-1
338,CC(=C)c1ccccc1,Preferred Density,1.07,g mL-1
339,CC(=C)c1ccccc1,Calculated Density,1.03 - 1.04,g mL-1
340,CC(=C)c1ccccc1,Preferred Calculated Density,1.04,g mL-1
341,CCCOC(=O)/C=C/C(=O)OCCC,Density,1.21,g mL-1
342,CCCOC(=O)/C=C/C(=O)OCCC,Calculated Density,1.14 - 1.19,g mL-1
343,CCCOC(=O)/C=C/C(=O)OCCC,Preferred Calculated Density,1.16,g mL-1
344,CCCCOC(=O)C=C,Density,1.07 - 1.09,g mL-1
345,CCCCOC(=O)C=C,Preferred Density,1.08,g mL-1
346,CCCCOC(=O)C=C,Calculated Density,1.06 - 1.10,g mL-1
347,CCCCOC(=O)C=C,Preferred Calculated Density,1.08,g mL-1
348,Oc1c(C)cc(cc1C)C(c1cc(C)c(c(c1)C)O)(C)C.ClC(=O)Cl,Density,1.08,g mL-1
349,Oc1c(C)cc(cc1C)C(c1cc(C)c(c(c1)C)O)(C)C.ClC(=O)Cl,Calculated Density,1.02 - 1.14,g mL-1
350,Oc1c(C)cc(cc1C)C(c1cc(C)c(c(c1)C)O)(C)C.ClC(=O)Cl,Preferred Calculated Density,1.08,g mL-1
351,COC(=O)CC(=C)C(=O)OC,Calculated Density,1.26 - 1.34,g mL-1
352,COC(=O)CC(=C)C(=O)OC,Preferred Calculated Density,1.29,g mL-1
353,OC(=O)CCC(=O)O.OCCCCO,Density,1.26,g mL-1
354,OC(=O)CCC(=O)O.OCCCCO,Calculated Density,1.22 - 1.28,g mL-1
355,OC(=O)CCC(=O)O.OCCCCO,Preferred Calculated Density,1.25,g mL-1
356,FC(=C)F,Density,1.67 - 1.68,g mL-1
357,FC(=C)F,Preferred Density,1.68,g mL-1
358,FC(=C)F,Calculated Density,1.54 - 1.65,g mL-1
359,FC(=C)F,Preferred Calculated Density,1.6,g mL-1
360,CCCCC(=O)OC=C,Density,1.081,g mL-1
361,CCCCC(=O)OC=C,Calculated Density,1.06 - 1.10,g mL-1
362,CCCCC(=O)OC=C,Preferred Calculated Density,1.08,g mL-1
363,C=C(C)CC,Density,0.9,g mL-1
364,C=C(C)CC,Calculated Density,0.84 - 0.90,g mL-1
365,C=C(C)CC,Preferred Calculated Density,0.87,g mL-1
366,Clc1cc2CCc3ccc(CCc1cc2)cc3Cl,Density,1.28,g mL-1
367,Clc1cc2CCc3ccc(CCc1cc2)cc3Cl,Calculated Density,1.15 - 1.25,g mL-1
368,Clc1cc2CCc3ccc(CCc1cc2)cc3Cl,Preferred Calculated Density,1.2,g mL-1
369,CC(=O)OC=C,Density,1.19 - 1.20,g mL-1
370,CC(=O)OC=C,Preferred Density,1.19,g mL-1
371,CC(=O)OC=C,Calculated Density,1.21 - 1.26,g mL-1
372,CC(=O)OC=C,Preferred Calculated Density,1.23,g mL-1
373,C1Cc2ccc(cc2)CCc2ccc1cc2,Density,1.05 - 1.10,g mL-1
374,C1Cc2ccc(cc2)CCc2ccc1cc2,Preferred Density,1.05,g mL-1
375,C1Cc2ccc(cc2)CCc2ccc1cc2,Calculated Density,1.01 - 1.06,g mL-1
376,C1Cc2ccc(cc2)CCc2ccc1cc2,Preferred Calculated Density,1.04,g mL-1
377,Nc1cc(ccc1)N.ClC(=O)c1cc(ccc1)C(=O)Cl,Density,1.33 - 1.38,g mL-1
378,Nc1cc(ccc1)N.ClC(=O)c1cc(ccc1)C(=O)Cl,Preferred Density,1.36,g mL-1
379,Nc1cc(ccc1)N.ClC(=O)c1cc(ccc1)C(=O)Cl,Calculated Density,1.29 - 1.32,g mL-1
380,Nc1cc(ccc1)N.ClC(=O)c1cc(ccc1)C(=O)Cl,Preferred Calculated Density,1.31,g mL-1
381,C=Cc1cccc(c1)C,Density,1.03,g mL-1
382,C=Cc1cccc(c1)C,Calculated Density,0.97 - 1.03,g mL-1
383,C=Cc1cccc(c1)C,Preferred Calculated Density,1.01,g mL-1
384,CCC=CC=C,Density,0.89,g mL-1
385,CCC=CC=C,Calculated Density,0.89 - 0.93,g mL-1
386,CCC=CC=C,Preferred Calculated Density,0.91,g mL-1
387,OC(=O)C(O)C,Density,1.25 - 1.27,g mL-1
388,OC(=O)C(O)C,Preferred Density,1.26,g mL-1
389,OC(=O)C(O)C,Calculated Density,1.31 - 1.39,g mL-1
390,OC(=O)C(O)C,Preferred Calculated Density,1.31,g mL-1
391,CCCCCCOC(=O)C=C,Density,1.03,g mL-1
392,CCCCCCOC(=O)C=C,Calculated Density,1.01 - 1.05,g mL-1
393,CCCCCCOC(=O)C=C,Preferred Calculated Density,1.04,g mL-1
394,CCCCCC=C,Density,0.871,g mL-1
395,CCCCCC=C,Calculated Density,0.84 - 0.90,g mL-1
396,CCCCCC=C,Preferred Calculated Density,0.86,g mL-1
397,C1CCCCOC1,Calculated Density,0.93 - 1.00,g mL-1
398,C1CCCCOC1,Preferred Calculated Density,0.96,g mL-1
399,CC(=C)C(=O)OCCc1ccccc1,Density,1.13,g mL-1
400,CC(=C)C(=O)OCCc1ccccc1,Calculated Density,1.12 - 1.15,g mL-1
401,CC(=C)C(=O)OCCc1ccccc1,Preferred Calculated Density,1.14,g mL-1
402,C1CNC1=O,Calculated Density,1.20 - 1.29,g mL-1
403,C1CNC1=O,Preferred Calculated Density,1.24,g mL-1
404,Brc1ccc(cc1)Br,Density,1.09 - 1.13,g mL-1
405,Brc1ccc(cc1)Br,Preferred Density,1.11,g mL-1
406,Brc1ccc(cc1)Br,Calculated Density,1.08 - 1.16,g mL-1
407,Brc1ccc(cc1)Br,Preferred Calculated Density,1.12,g mL-1
408,COC(=O)C=C,Density,1.22 - 1.23,g mL-1
409,COC(=O)C=C,Preferred Density,1.22,g mL-1
410,COC(=O)C=C,Calculated Density,1.21 - 1.26,g mL-1
411,COC(=O)C=C,Preferred Calculated Density,1.23,g mL-1
412,Nc1ccc(cc1)N.ClC(=O)c1ccc(cc1)C(=O)Cl,Density,1.44 - 1.45,g mL-1
413,Nc1ccc(cc1)N.ClC(=O)c1ccc(cc1)C(=O)Cl,Preferred Density,1.44,g mL-1
414,Nc1ccc(cc1)N.ClC(=O)c1ccc(cc1)C(=O)Cl,Calculated Density,1.23 - 1.32,g mL-1
415,Nc1ccc(cc1)N.ClC(=O)c1ccc(cc1)C(=O)Cl,Preferred Calculated Density,1.28,g mL-1
416,C=CC(=O)Nc1ccccc1,Density,1.13 - 1.16,g mL-1
417,C=CC(=O)Nc1ccccc1,Preferred Density,1.15,g mL-1
418,C=CC(=O)Nc1ccccc1,Calculated Density,1.15 - 1.22,g mL-1
419,C=CC(=O)Nc1ccccc1,Preferred Calculated Density,1.19,g mL-1
420,FC(F)C(F)(F)COC(=O)C(=C)C,Density,1.52,g mL-1
421,FC(F)C(F)(F)COC(=O)C(=C)C,Calculated Density,1.52 - 1.58,g mL-1
422,FC(F)C(F)(F)COC(=O)C(=C)C,Preferred Calculated Density,1.54,g mL-1
423,CC1CO1,Density,1.00 - 1.01,g mL-1
424,CC1CO1,Preferred Density,1,g mL-1
425,CC1CO1,Calculated Density,0.97 - 1.09,g mL-1
426,CC1CO1,Preferred Calculated Density,1.02,g mL-1
427,CC(=C)C,Density,0.84 - 0.91,g mL-1
428,CC(=C)C,Preferred Density,0.88,g mL-1
429,CC(=C)C,Calculated Density,0.84 - 0.90,g mL-1
430,CC(=C)C,Preferred Calculated Density,0.87,g mL-1
431,Clc1ccc(cc1)S(=O)(=O)c1ccc(cc1)Cl.Oc1ccc(cc1)S(=O)(=O)c1ccc(cc1)O,Density,1.37,g mL-1
432,Clc1ccc(cc1)S(=O)(=O)c1ccc(cc1)Cl.Oc1ccc(cc1)S(=O)(=O)c1ccc(cc1)O,Calculated Density,1.37 - 1.40,g mL-1
433,Clc1ccc(cc1)S(=O)(=O)c1ccc(cc1)Cl.Oc1ccc(cc1)S(=O)(=O)c1ccc(cc1)O,Preferred Calculated Density,1.38,g mL-1
434,C=Cc1ccccc1,Density,1.05,g mL-1
435,C=Cc1ccccc1,Preferred Density,1.05,g mL-1
436,C=Cc1ccccc1,Calculated Density,1.05 - 1.06,g mL-1
437,C=Cc1ccccc1,Preferred Calculated Density,1.05,g mL-1
438,C=Cc1ccc(cc1)Cl,Density,1.22 - 1.25,g mL-1
439,C=Cc1ccc(cc1)Cl,Preferred Density,1.23,g mL-1
440,C=Cc1ccc(cc1)Cl,Calculated Density,1.19 - 1.25,g mL-1
441,C=Cc1ccc(cc1)Cl,Preferred Calculated Density,1.22,g mL-1
442,FC(F)C(F)(F)COC(=O)C(=C),Density,1.52,g mL-1
443,FC(F)C(F)(F)COC(=O)C(=C),Calculated Density,1.52 - 1.58,g mL-1
444,FC(F)C(F)(F)COC(=O)C(=C),Preferred Calculated Density,1.54,g mL-1
445,OC(=O)CCCCCCCC(=O)O.CC(=O)OC(=O)C,Density,1.13,g mL-1
446,OC(=O)CCCCCCCC(=O)O.CC(=O)OC(=O)C,Calculated Density,1.14 - 1.17,g mL-1
447,OC(=O)CCCCCCCC(=O)O.CC(=O)OC(=O)C,Preferred Calculated Density,1.15,g mL-1
448,CCCC=C,Density,0.85,g mL-1
449,CCCC=C,Calculated Density,0.83 - 0.90,g mL-1
450,CCCC=C,Preferred Calculated Density,0.86,g mL-1
451,CC(=C)C(=O)OCCCl,Density,1.32,g mL-1
452,CC(=C)C(=O)OCCCl,Calculated Density,1.29 - 1.32,g mL-1
453,CC(=C)C(=O)OCCCl,Preferred Calculated Density,1.31,g mL-1
454,C=CC(=O)NC(C)C,Density,1.03 - 1.07,g mL-1
455,C=CC(=O)NC(C)C,Preferred Density,1.05,g mL-1
456,C=CC(=O)NC(C)C,Calculated Density,1.04 - 1.07,g mL-1
457,C=CC(=O)NC(C)C,Preferred Calculated Density,1.05,g mL-1
458,ClCC1CO1,Density,1.33 - 1.36,g mL-1
459,ClCC1CO1,Preferred Density,1.34,g mL-1
460,ClCC1CO1,Calculated Density,1.28 - 1.39,g mL-1
461,ClCC1CO1,Preferred Calculated Density,1.34,g mL-1
462,C=CC(=O)NC(C)CC,Calculated Density,1.02 - 1.05,g mL-1
463,C=CC(=O)NC(C)CC,Preferred Calculated Density,1.03,g mL-1
464,CC1CC(=O)O1,Density,1.18 - 1.26,g mL-1
465,CC1CC(=O)O1,Preferred Density,1.22,g mL-1
466,CC1CC(=O)O1,Calculated Density,1.21 - 1.26,g mL-1
467,CC1CC(=O)O1,Preferred Calculated Density,1.23,g mL-1
468,FC(=C(F)F)Cl,Density,1.92 - 2.08,g mL-1
469,FC(=C(F)F)Cl,Preferred Density,2,g mL-1
470,FC(=C(F)F)Cl,Calculated Density,1.93 - 2.21,g mL-1
471,FC(=C(F)F)Cl,Preferred Calculated Density,2.08,g mL-1
472,CC=CC=C,Density,0.9,g mL-1
473,CC=CC=C,Calculated Density,0.89 - 0.93,g mL-1
474,CC=CC=C,Preferred Calculated Density,0.91,g mL-1
475,c1cc(ccc1C(=O)Cl)C(=O)Cl.c1ccc(cc1)Oc2ccccc2,Density,1.27 - 1.28,g mL-1
476,c1cc(ccc1C(=O)Cl)C(=O)Cl.c1ccc(cc1)Oc2ccccc2,Preferred Density,1.28,g mL-1
477,c1cc(ccc1C(=O)Cl)C(=O)Cl.c1ccc(cc1)Oc2ccccc2,Calculated Density,1.22 - 1.29,g mL-1
478,c1cc(ccc1C(=O)Cl)C(=O)Cl.c1ccc(cc1)Oc2ccccc2,Preferred Calculated Density,1.25,g mL-1
479,C=CC1CCCCC1,Density,0.92 - 0.95,g mL-1
480,C=CC1CCCCC1,Preferred Density,0.94,g mL-1
481,C=CC1CCCCC1,Calculated Density,0.94 - 0.98,g mL-1
482,C=CC1CCCCC1,Preferred Calculated Density,0.95,g mL-1
483,C=Cc1ccc(cc1)C,Density,1.01 - 1.04,g mL-1
484,C=Cc1ccc(cc1)C,Preferred Density,1.03,g mL-1
485,C=Cc1ccc(cc1)C,Calculated Density,0.97 - 1.03,g mL-1
486,C=Cc1ccc(cc1)C,Preferred Calculated Density,1.01,g mL-1
487,CCCOC=C,Density,0.94 - 1.00,g mL-1
488,CCCOC=C,Preferred Density,0.94,g mL-1
489,CCCOC=C,Calculated Density,0.93 - 0.95,g mL-1
490,CCCOC=C,Preferred Calculated Density,0.94,g mL-1
491,CC(C)(c1ccc(cc1)OCC2CO2)c3ccc(cc3)OCC4CO4,Density,1.16 - 1.18,g mL-1
492,CC(C)(c1ccc(cc1)OCC2CO2)c3ccc(cc3)OCC4CO4,Preferred Density,1.17,g mL-1
493,CC(C)(c1ccc(cc1)OCC2CO2)c3ccc(cc3)OCC4CO4,Calculated Density,1.12 - 1.14,g mL-1
494,CC(C)(c1ccc(cc1)OCC2CO2)c3ccc(cc3)OCC4CO4,Preferred Calculated Density,1.13,g mL-1
495,O=C1CCCCCN1,Density,1.08,g mL-1
496,O=C1CCCCCN1,Calculated Density,1.06 - 1.08,g mL-1
497,O=C1CCCCCN1,Preferred Calculated Density,1.07,g mL-1
498,C=C,Density,0.92,g mL-1
499,C=C,Density,0.95,g mL-1
500,C=C,Density,0.85 - 0.86,g mL-1
501,C=C,Preferred Density,0.85,g mL-1
502,C=C,Calculated Density,0.85 - 0.90,g mL-1
503,C=C,Preferred Calculated Density,0.87,g mL-1
504,C=CC#N,Density,1.18,g mL-1
505,C=CC#N,Calculated Density,1.10 - 1.17,g mL-1
506,C=CC#N,Preferred Calculated Density,1.17,g mL-1
507,CCOC(=O)/C=C/C(=O)OCC,Density,1.18,g mL-1
508,CCOC(=O)/C=C/C(=O)OCC,Calculated Density,1.21 - 1.26,g mL-1
509,CCOC(=O)/C=C/C(=O)OCC,Preferred Calculated Density,1.23,g mL-1
510,CCCCCCOC(=O)CC(=C)C(=O)OCCCCCC,Calculated Density,1.04 - 1.06,g mL-1
511,CCCCCCOC(=O)CC(=C)C(=O)OCCCCCC,Preferred Calculated Density,1.05,g mL-1
512,C=Cc1ccccc1Cl,Density,1.22,g mL-1
513,C=Cc1ccccc1Cl,Calculated Density,1.19 - 1.25,g mL-1
514,C=Cc1ccccc1Cl,Preferred Calculated Density,1.22,g mL-1
515,NCCCCCCCCCCC(=O)O,Density,1.01 - 1.03,g mL-1
516,NCCCCCCCCCCC(=O)O,Preferred Density,1.02,g mL-1
517,NCCCCCCCCCCC(=O)O,Calculated Density,0.97 - 1.00,g mL-1
518,NCCCCCCCCCCC(=O)O,Preferred Calculated Density,0.98,g mL-1
519,CC(=C)C(=O)OC1CCC(CC1)C(C)(C)C,Density,0.99,g mL-1
520,CC(=C)C(=O)OC1CCC(CC1)C(C)(C)C,Calculated Density,1.02 - 1.05,g mL-1
521,CC(=C)C(=O)OC1CCC(CC1)C(C)(C)C,Preferred Calculated Density,1.03,g mL-1
522,CCCCOC(=O)C(=C)C,Density,1.05 - 1.06,g mL-1
523,CCCCOC(=O)C(=C)C,Preferred Density,1.05,g mL-1
524,CCCCOC(=O)C(=C)C,Calculated Density,1.05 - 1.07,g mL-1
525,CCCCOC(=O)C(=C)C,Preferred Calculated Density,1.06,g mL-1
526,Oc1ccc(cc1)c1ccc(cc1)O.Clc1ccc(cc1)S(=O)(=O)c1ccc(cc1)Cl,Density,1.29,g mL-1
527,Oc1ccc(cc1)c1ccc(cc1)O.Clc1ccc(cc1)S(=O)(=O)c1ccc(cc1)Cl,Calculated Density,1.26 - 1.29,g mL-1
528,Oc1ccc(cc1)c1ccc(cc1)O.Clc1ccc(cc1)S(=O)(=O)c1ccc(cc1)Cl,Preferred Calculated Density,1.28,g mL-1
529,C=CSc1ccccc1,Density,1.15,g mL-1
530,C=CSc1ccccc1,Preferred Density,1.15,g mL-1
531,C=CSc1ccccc1,Calculated Density,1.16 - 1.20,g mL-1
532,C=CSc1ccccc1,Preferred Calculated Density,1.16,g mL-1
533,C=Cc1ccccc1C,Density,1.03,g mL-1
534,C=Cc1ccccc1C,Preferred Density,1.03,g mL-1
535,C=Cc1ccccc1C,Calculated Density,0.97 - 1.03,g mL-1
536,C=Cc1ccccc1C,Preferred Calculated Density,1.01,g mL-1
537,CCCSC=C,Density,1.021,g mL-1
538,CCCSC=C,Calculated Density,1.02 - 1.03,g mL-1
539,CCCSC=C,Preferred Calculated Density,1.02,g mL-1
540,O=C(C(=C)C)OC1CCCCC1,Density,1.1,g mL-1
541,O=C(C(=C)C)OC1CCCCC1,Preferred Density,1.1,g mL-1
542,O=C(C(=C)C)OC1CCCCC1,Calculated Density,1.11,g mL-1
543,O=C(C(=C)C)OC1CCCCC1,Preferred Calculated Density,1.11,g mL-1
544,OC(=O)CCCCCCCCC(=O)O.OCCCCCCO,Density,1.03,g mL-1
545,OC(=O)CCCCCCCCC(=O)O.OCCCCCCO,Calculated Density,1.05 - 1.07,g mL-1
546,OC(=O)CCCCCCCCC(=O)O.OCCCCCCO,Preferred Calculated Density,1.06,g mL-1
547,C1CCCO1,Density,0.97 - 0.98,g mL-1
548,C1CCCO1,Preferred Density,0.98,g mL-1
549,C1CCCO1,Calculated Density,0.96 - 1.05,g mL-1
550,C1CCCO1,Preferred Calculated Density,1,g mL-1
551,CCOC(=O)C(=C)C#N,Calculated Density,1.21 - 1.31,g mL-1
552,CCOC(=O)C(=C)C#N,Preferred Calculated Density,1.27,g mL-1
553,C=Cc1ccc(cc1)Br,Density,0.87,g mL-1
554,C=Cc1ccc(cc1)Br,Calculated Density,0.87,g mL-1
555,C=Cc1ccc(cc1)Br,Preferred Calculated Density,0.87,g mL-1
556,OC(=O)c1cc(ccc1)C(=O)O.Oc1ccc(cc1)C(C)(C)c2ccc(cc2)O,Density,1.21,g mL-1
557,OC(=O)c1cc(ccc1)C(=O)O.Oc1ccc(cc1)C(C)(C)c2ccc(cc2)O,Calculated Density,1.19 - 1.27,g mL-1
558,OC(=O)c1cc(ccc1)C(=O)O.Oc1ccc(cc1)C(C)(C)c2ccc(cc2)O,Preferred Calculated Density,1.22,g mL-1
559,ClCCCl.[Na]S[Na],Density,1.3,g mL-1
560,ClCCCl.[Na]S[Na],Calculated Density,1.19 - 1.25,g mL-1
561,ClCCCl.[Na]S[Na],Preferred Calculated Density,1.22,g mL-1
562,O=C1CCCCCO1,Density,1.10 - 1.15,g mL-1
563,O=C1CCCCCO1,Preferred Density,1.12,g mL-1
564,O=C1CCCCCO1,Calculated Density,1.11 - 1.14,g mL-1
565,O=C1CCCCCO1,Preferred Calculated Density,1.13,g mL-1
566,CC=C.[C-]#[O+],Density,1.26,g mL-1
567,CC=C.[C-]#[O+],Calculated Density,1.11 - 1.12,g mL-1
568,CC=C.[C-]#[O+],Preferred Calculated Density,1.11,g mL-1
569,COC=C,Density,1.03 - 1.06,g mL-1
570,COC=C,Preferred Density,1.04,g mL-1
571,COC=C,Calculated Density,0.97 - 1.03,g mL-1
572,COC=C,Preferred Calculated Density,1.01,g mL-1
573,OC(=O)c1ccc(cc1)C(=O)O.Oc1ccc(cc1)C(C)(C)c2ccc(cc2)O,Density,1.21,g mL-1
574,OC(=O)c1ccc(cc1)C(=O)O.Oc1ccc(cc1)C(C)(C)c2ccc(cc2)O,Calculated Density,1.19 - 1.27,g mL-1
575,OC(=O)c1ccc(cc1)C(=O)O.Oc1ccc(cc1)C(C)(C)c2ccc(cc2)O,Preferred Calculated Density,1.22,g mL-1
576,C=CC(=O)NC(C)(C)C,Density,1.03,g mL-1
577,C=CC(=O)NC(C)(C)C,Calculated Density,1.03 - 1.05,g mL-1
578,C=CC(=O)NC(C)(C)C,Preferred Calculated Density,1.03,g mL-1
579,OC(=O)CCCCCCCCC(=O)O.OCCO,Density,1.09,g mL-1
580,OC(=O)CCCCCCCCC(=O)O.OCCO,Calculated Density,1.11 - 1.12,g mL-1
581,OC(=O)CCCCCCCCC(=O)O.OCCO,Preferred Calculated Density,1.12,g mL-1
582,C=CC(=O)OCc1ccccc1,Density,1.15,g mL-1
583,C=CC(=O)OCc1ccccc1,Calculated Density,1.17 - 1.22,g mL-1
584,C=CC(=O)OCc1ccccc1,Preferred Calculated Density,1.19,g mL-1
585,CC(c1cc(Cl)c(c(c1)Cl)O)(c1cc(Cl)c(c(c1)Cl)O)C.ClC(=O)Cl,Calculated Density,0.89 - 0.95,g mL-1
586,CC(c1cc(Cl)c(c(c1)Cl)O)(c1cc(Cl)c(c(c1)Cl)O)C.ClC(=O)Cl,Preferred Calculated Density,0.92,g mL-1
587,CCOCCOC(=O)C(=C)C,Density,1.09,g mL-1
588,CCOCCOC(=O)C(=C)C,Calculated Density,1.11 - 1.14,g mL-1
589,CCOCCOC(=O)C(=C)C,Preferred Calculated Density,1.12,g mL-1
590,OC(=O)c1ccc2c(c1)ccc(c2)C(=O)O.OCCO,Density,1.35 - 1.36,g mL-1
591,OC(=O)c1ccc2c(c1)ccc(c2)C(=O)O.OCCO,Preferred Density,1.35,g mL-1
592,OC(=O)c1ccc2c(c1)ccc(c2)C(=O)O.OCCO,Calculated Density,1.28 - 1.39,g mL-1
593,OC(=O)c1ccc2c(c1)ccc(c2)C(=O)O.OCCO,Preferred Calculated Density,1.33,g mL-1
594,C=COC(=O)c1ccccc1,Density,1.2,g mL-1
595,C=COC(=O)c1ccccc1,Calculated Density,1.20 - 1.27,g mL-1
596,C=COC(=O)c1ccccc1,Preferred Calculated Density,1.24,g mL-1
597,CC(=O)C=C,Density,1.05 - 1.12,g mL-1
598,CC(=O)C=C,Preferred Density,1.12,g mL-1
599,CC(=O)C=C,Calculated Density,1.10 - 1.12,g mL-1
600,CC(=O)C=C,Preferred Calculated Density,1.11,g mL-1
601,C=CC(=O)OCC#N,Density,1.35,g mL-1
602,C=CC(=O)OCC#N,Calculated Density,1.27 - 1.39,g mL-1
603,C=CC(=O)OCC#N,Preferred Calculated Density,1.34,g mL-1
604,C=CC(C)(C)C,Calculated Density,0.83 - 0.90,g mL-1
605,C=CC(C)(C)C,Preferred Calculated Density,0.86,g mL-1
606,ClC=C,Density,1.38 - 1.39,g mL-1
607,ClC=C,Preferred Density,1.38,g mL-1
608,ClC=C,Calculated Density,1.37 - 1.40,g mL-1
609,ClC=C,Preferred Calculated Density,1.38,g mL-1
610,OCCOCCO.O=C=NCCCCCCN=C=O,Density,1.26,g mL-1
611,OCCOCCO.O=C=NCCCCCCN=C=O,Calculated Density,1.18 - 1.28,g mL-1
612,OCCOCCO.O=C=NCCCCCCN=C=O,Preferred Calculated Density,1.23,g mL-1
613,CC(=O)NC(=O)C(=C)C,Density,1.14,g mL-1
614,CC(=O)NC(=O)C(=C)C,Calculated Density,1.18 - 1.28,g mL-1
615,CC(=O)NC(=O)C(=C)C,Preferred Calculated Density,1.23,g mL-1
616,O1C C1COc1ccc(cc1)Cc1ccc(cc1)OC C1O C1,Density,1.17,g mL-1
617,O1C C1COc1ccc(cc1)Cc1ccc(cc1)OC C1O C1,Calculated Density,1.17,g mL-1
618,CC(=C)C(=O)OCCO,Density,1.34,g mL-1
619,CC(=C)C(=O)OCCO,Calculated Density,1.21 - 1.29,g mL-1
620,CC(=C)C(=O)OCCO,Preferred Calculated Density,1.25,g mL-1
621,OC(=O)CCCCCCCCC(=O)O.NCCCCCCN,Density,1.04,g mL-1
622,OC(=O)CCCCCCCCC(=O)O.NCCCCCCN,Calculated Density,1.01 - 1.03,g mL-1
623,OC(=O)CCCCCCCCC(=O)O.NCCCCCCN,Preferred Calculated Density,1.02,g mL-1
624,C=CC(=C)Cl,Density,1.24,g mL-1
625,C=CC(=C)Cl,Calculated Density,1.25 - 1.26,g mL-1
626,C=CC(=C)Cl,Preferred Calculated Density,1.25,g mL-1
627,C=Cc1ccccc1OC,Density,1.1,g mL-1
628,C=Cc1ccccc1OC,Calculated Density,1.05 - 1.10,g mL-1
629,C=Cc1ccccc1OC,Preferred Calculated Density,1.07,g mL-1
630,CCCCCCCCCCCCCCCCCCCCCCCCCCOC(=O)C=C,Calculated Density,0.92 - 0.97,g mL-1
631,CCCCCCCCCCCCCCCCCCCCCCCCCCOC(=O)C=C,Preferred Calculated Density,0.94,g mL-1
632,C=CC(C)C,Density,0.9,g mL-1
633,C=CC(C)C,Calculated Density,0.81 - 0.90,g mL-1
634,C=CC(C)C,Preferred Calculated Density,0.85,g mL-1
635,FC(=C(F)F)F,Density,2.00 - 2.18,g mL-1
636,FC(=C(F)F)F,Preferred Density,2.12,g mL-1
637,FC(=C(F)F)F,Calculated Density,1.93 - 2.23,g mL-1
638,FC(=C(F)F)F,Preferred Calculated Density,2.1,g mL-1
639,CCCOC(=O)C=C,Density,1.11,g mL-1
640,CCCOC(=O)C=C,Calculated Density,1.09 - 1.13,g mL-1
641,CCCOC(=O)C=C,Preferred Calculated Density,1.12,g mL-1
642,CC(c1ccc(cc1)OCC1OC1)(c1ccc(cc1)OCC1OC1)C.NCCN,Calculated Density,1.13 - 1.15,g mL-1
643,CC(c1ccc(cc1)OCC1OC1)(c1ccc(cc1)OCC1OC1)C.NCCN,Preferred Calculated Density,1.14,g mL-1
644,CCOC(=O)C(=C)C,Density,1.11 - 1.12,g mL-1
645,CCOC(=O)C(=C)C,Preferred Density,1.12,g mL-1
646,CCOC(=O)C(=C)C,Calculated Density,1.11 - 1.14,g mL-1
647,CCOC(=O)C(=C)C,Preferred Calculated Density,1.12,g mL-1
648,CCCCCCCCCCCCOC(=O)C(=C)C,Density,0.93,g mL-1
649,CCCCCCCCCCCCOC(=O)C(=C)C,Calculated Density,0.95 - 0.99,g mL-1
650,CCCCCCCCCCCCOC(=O)C(=C)C,Preferred Calculated Density,0.97,g mL-1
651,CCCCCCCCOC=C,Density,0.91,g mL-1
652,CCCCCCCCOC=C,Calculated Density,0.90 - 0.96,g mL-1
653,CCCCCCCCOC=C,Preferred Calculated Density,0.92,g mL-1
654,CCOC(=O)C=C,Density,1.12,g mL-1
655,CCOC(=O)C=C,Calculated Density,1.14 - 1.19,g mL-1
656,CCOC(=O)C=C,Preferred Calculated Density,1.16,g mL-1
657,OC(=O)c1ccc(cc1)C(=O)O.OCCCO,Density,1.33 - 1.35,g mL-1
658,OC(=O)c1ccc(cc1)C(=O)O.OCCCO,Preferred Density,1.34,g mL-1
659,OC(=O)c1ccc(cc1)C(=O)O.OCCCO,Calculated Density,1.27 - 1.36,g mL-1
660,OC(=O)c1ccc(cc1)C(=O)O.OCCCO,Preferred Calculated Density,1.31,g mL-1
661,COC(=O)/C=C/C(=O)OC,Density,1.25,g mL-1
662,COC(=O)/C=C/C(=O)OC,Calculated Density,1.31 - 1.39,g mL-1
663,COC(=O)/C=C/C(=O)OC,Preferred Calculated Density,1.34,g mL-1
664,OC(=O)c1cccc(c1)C(=O)O.OCCO,Density,1.33 - 1.34,g mL-1
665,OC(=O)c1cccc(c1)C(=O)O.OCCO,Preferred Density,1.335,g mL-1
666,OC(=O)c1cccc(c1)C(=O)O.OCCO,Calculated Density,1.31 - 1.43,g mL-1
667,OC(=O)c1cccc(c1)C(=O)O.OCCO,Preferred Calculated Density,1.36,g mL-1
668,OC(=O)CCCCC(=O)O.OCCCCO,Density,1.02 - 1.12,g mL-1
669,OC(=O)CCCCC(=O)O.OCCCCO,Preferred Density,1.12,g mL-1
670,OC(=O)CCCCC(=O)O.OCCCCO,Calculated Density,1.17 - 1.19,g mL-1
671,OC(=O)CCCCC(=O)O.OCCCCO,Preferred Calculated Density,1.18,g mL-1
672,NCCCCCCN.OC(=O)CCCCCCCCCCC(=O)O,Density,1.06,g mL-1
673,NCCCCCCN.OC(=O)CCCCCCCCCCC(=O)O,Calculated Density,1.00 - 1.02,g mL-1
674,NCCCCCCN.OC(=O)CCCCCCCCCCC(=O)O,Preferred Calculated Density,1.01,g mL-1
675,"C[Si](c1ccccc1)(Cl)Cl, CO[Si](C)(c1ccccc1)OC",Density,1.05 - 1.12,g mL-1
676,"C[Si](c1ccccc1)(Cl)Cl, CO[Si](C)(c1ccccc1)OC",Preferred Density,1.09,g mL-1
677,CC(=C)C(=O)NC(C)(C)C,Density,1.02,g mL-1
678,CC(=C)C(=O)NC(C)(C)C,Calculated Density,1.01 - 1.03,g mL-1
679,CC(=C)C(=O)NC(C)(C)C,Preferred Calculated Density,1.02,g mL-1
680,C=CC(=O)c1ccccc1,Density,1.19,g mL-1
681,C=CC(=O)c1ccccc1,Calculated Density,1.13 - 1.21,g mL-1
682,C=CC(=O)c1ccccc1,Preferred Calculated Density,1.17,g mL-1
683,Oc1c(cccc1c1ccccc1)c1ccccc1,Density,1.14,g mL-1
684,Oc1c(cccc1c1ccccc1)c1ccccc1,Calculated Density,1.12 - 1.18,g mL-1
685,Oc1c(cccc1c1ccccc1)c1ccccc1,Preferred Calculated Density,1.15,g mL-1
686,CC(C)OC(=O)C=C,Density,1.08,g mL-1
687,CC(C)OC(=O)C=C,Calculated Density,1.07 - 1.12,g mL-1
688,CC(C)OC(=O)C=C,Preferred Calculated Density,1.1,g mL-1
689,"C[Si](C)(Cl)Cl, CO[Si](C)(C)OC",Density,0.965 - 0.97,g mL-1
690,"C[Si](C)(Cl)Cl, CO[Si](C)(C)OC",Preferred Density,0.965,g mL-1
691,CCCCCCOC(=O)C(=C)C,Density,1.01,g mL-1
692,CCCCCCOC(=O)C(=C)C,Preferred Density,1.01,g mL-1
693,CCCCCCOC(=O)C(=C)C,Calculated Density,1.01 - 1.04,g mL-1
694,CCCCCCOC(=O)C(=C)C,Preferred Calculated Density,1.03,g mL-1
695,ClCC(C)Cl.[Na]S[Na],Density,1.03 - 1.13,g mL-1
696,ClCC(C)Cl.[Na]S[Na],Preferred Density,1.08,g mL-1
697,ClCC(C)Cl.[Na]S[Na],Calculated Density,1.10 - 1.15,g mL-1
698,ClCC(C)Cl.[Na]S[Na],Preferred Calculated Density,1.12,g mL-1
699,CCCCOC(=O)C(=C)C#N,Calculated Density,1.14 - 1.19,g mL-1
700,CCCCOC(=O)C(=C)C#N,Preferred Calculated Density,1.17,g mL-1
701,O=C1OCC(=O)OC1,Density,1.50 - 1.60,g mL-1
702,O=C1OCC(=O)OC1,Preferred Density,1.52,g mL-1
703,O=C1OCC(=O)OC1,Calculated Density,1.48 - 1.67,g mL-1
704,O=C1OCC(=O)OC1,Preferred Calculated Density,1.58,g mL-1
705,CCCCOC=C,Density,0.91 - 0.93,g mL-1
706,CCCCOC=C,Preferred Density,0.92,g mL-1
707,CCCCOC=C,Calculated Density,0.92 - 0.93,g mL-1
708,CCCCOC=C,Preferred Calculated Density,0.93,g mL-1
709,CCCCCCCCCCCCCCCCCC(=O)OC=C,Density,1,g mL-1
710,CCCCCCCCCCCCCCCCCC(=O)OC=C,Calculated Density,0.93 - 0.97,g mL-1
711,CCCCCCCCCCCCCCCCCC(=O)OC=C,Preferred Calculated Density,0.95,g mL-1
712,CC(c1ccc(cc1)OCC1OC1)(c1ccc(cc1)OCC1OC1)C.NCCCCCCN,Calculated Density,1.09 - 1.10,g mL-1
713,CC(c1ccc(cc1)OCC1OC1)(c1ccc(cc1)OCC1OC1)C.NCCCCCCN,Preferred Calculated Density,1.1,g mL-1
714,[O-]C(=O)[O-].[Na+].[Na+].O=C(c1ccc(cc1)Cl)c1ccc(cc1)Cl,Density,1.27,g mL-1
715,[O-]C(=O)[O-].[Na+].[Na+].O=C(c1ccc(cc1)Cl)c1ccc(cc1)Cl,Density,1.43,g mL-1
716,[O-]C(=O)[O-].[Na+].[Na+].O=C(c1ccc(cc1)Cl)c1ccc(cc1)Cl,Calculated Density,1.22 - 1.27,g mL-1
717,[O-]C(=O)[O-].[Na+].[Na+].O=C(c1ccc(cc1)Cl)c1ccc(cc1)Cl,Preferred Calculated Density,1.24,g mL-1
718,CCCCCCCCOC(=O)C=C,Density,0.98,g mL-1
719,CCCCCCCCOC(=O)C=C,Calculated Density,0.99 - 1.03,g mL-1
720,CCCCCCCCOC(=O)C=C,Preferred Calculated Density,1.01,g mL-1
721,NCCCCCCCCCCCC(=O)O,Density,0.99 - 1.01,g mL-1
722,NCCCCCCCCCCCC(=O)O,Preferred Density,1,g mL-1
723,NCCCCCCCCCCCC(=O)O,Calculated Density,0.96 - 0.99,g mL-1
724,NCCCCCCCCCCCC(=O)O,Preferred Calculated Density,0.97,g mL-1
725,CCCCCCCCCCOC(=O)C(=C)C,Density,0.95,g mL-1
726,CCCCCCCCCCOC(=O)C(=C)C,Calculated Density,0.96 - 0.98,g mL-1
727,CCCCCCCCCCOC(=O)C(=C)C,Preferred Calculated Density,0.97,g mL-1
728,OC(=O)c1ccc(cc1)C(=O)O.OCCO,Density,1.33 - 1.48,g mL-1
729,OC(=O)c1ccc(cc1)C(=O)O.OCCO,Preferred Density,1.33,g mL-1
730,OC(=O)c1ccc(cc1)C(=O)O.OCCO,Calculated Density,1.31 - 1.43,g mL-1
731,OC(=O)c1ccc(cc1)C(=O)O.OCCO,Preferred Calculated Density,1.36,g mL-1
732,OC(=O)c1ccc(cc1)C(=O)O.OCC1CCC(CC1)CO,Density,1.19 - 1.20,g mL-1
733,OC(=O)c1ccc(cc1)C(=O)O.OCC1CCC(CC1)CO,Preferred Density,1.2,g mL-1
734,OC(=O)c1ccc(cc1)C(=O)O.OCC1CCC(CC1)CO,Calculated Density,1.20 - 1.25,g mL-1
735,OC(=O)c1ccc(cc1)C(=O)O.OCC1CCC(CC1)CO,Preferred Calculated Density,1.22,g mL-1
736,C=CC(=O)OCCC#N,Density,1.40 - 1.41,g mL-1
737,C=CC(=O)OCCC#N,Preferred Density,1.4,g mL-1
738,C=CC(=O)OCCC#N,Calculated Density,1.21 - 1.30,g mL-1
739,C=CC(=O)OCCC#N,Preferred Calculated Density,1.26,g mL-1
740,O=C=O.CC1CO1,Density,1.26,g mL-1
741,O=C=O.CC1CO1,Calculated Density,1.40 - 1.45,g mL-1
742,O=C=O.CC1CO1,Preferred Calculated Density,1.42,g mL-1
743,CC(c1ccc(cc1)OCC1OC1)(c1ccc(cc1)OCC1OC1)C.NCCCCCCCCN,Calculated Density,1.08,g mL-1
744,C=C.[C-]#[O+],Density,1.24,g mL-1
745,C=C.[C-]#[O+],Calculated Density,1.16 - 1.28,g mL-1
746,C=C.[C-]#[O+],Preferred Calculated Density,1.22,g mL-1
747,NCCCCCCN.OC(=O)CCCCC(=O)O,Density,1.07 - 1.09,g mL-1
748,NCCCCCCN.OC(=O)CCCCC(=O)O,Preferred Density,1.08,g mL-1
749,NCCCCCCN.OC(=O)CCCCC(=O)O,Calculated Density,1.06 - 1.08,g mL-1
750,NCCCCCCN.OC(=O)CCCCC(=O)O,Preferred Calculated Density,1.07,g mL-1
751,C=CC(=O)OCC(C)C,Density,1.07,g mL-1
752,C=CC(=O)OCC(C)C,Calculated Density,1.04 - 1.10,g mL-1
753,C=CC(=O)OCC(C)C,Preferred Calculated Density,1.07,g mL-1
754,BrC=CC=C,Density,1.7,g mL-1
755,BrC=CC=C,Calculated Density,1.73 - 1.83,g mL-1
756,BrC=CC=C,Preferred Calculated Density,1.78,g mL-1
757,CCCCCCCCOC(=O)C(=C)C#N,Calculated Density,1.07 - 1.08,g mL-1
758,CCCCCCCCOC(=O)C(=C)C#N,Preferred Calculated Density,1.07,g mL-1
759,CCC(=O)C=C,Density,1.03,g mL-1
760,CCC(=O)C=C,Preferred Density,1.03,g mL-1
761,CCC(=O)C=C,Calculated Density,1.06 - 1.07,g mL-1
762,CCC(=O)C=C,Preferred Calculated Density,1.06,g mL-1
763,NCCCCCCCCCC(=O)O,Density,1.021,g mL-1
764,NCCCCCCCCCC(=O)O,Calculated Density,0.99 - 1.01,g mL-1
765,NCCCCCCCCCC(=O)O,Preferred Calculated Density,1,g mL-1
766,OC(=N)C=C,Density,1.3,g mL-1
767,OC(=N)C=C,Calculated Density,1.2,g mL-1
768,O=C(C(=C)C)OCc1ccccc1,Density,1.17 - 1.18,g mL-1
769,O=C(C(=C)C)OCc1ccccc1,Preferred Density,1.17,g mL-1
770,O=C(C(=C)C)OCc1ccccc1,Calculated Density,1.14 - 1.18,g mL-1
771,O=C(C(=C)C)OCc1ccccc1,Preferred Calculated Density,1.17,g mL-1
772,OC(=O)c1ccc(cc1)CCCCc1ccc(cc1)C(=O)O.CC(=O)OC(=O)C,Density,1.27,g mL-1
773,OC(=O)c1ccc(cc1)CCCCc1ccc(cc1)C(=O)O.CC(=O)OC(=O)C,Calculated Density,1.17 - 1.23,g mL-1
774,OC(=O)c1ccc(cc1)CCCCc1ccc(cc1)C(=O)O.CC(=O)OC(=O)C,Preferred Calculated Density,1.19,g mL-1
775,CCCCCCCCC=C,Density,0.871,g mL-1
776,CCCCCCCCC=C,Calculated Density,0.84 - 0.90,g mL-1
777,CCCCCCCCC=C,Preferred Calculated Density,0.86,g mL-1
778,CC(=C)C(=O)O,Density,1.29,g mL-1
779,CC(=C)C(=O)O,Calculated Density,1.29 - 1.35,g mL-1
780,CC(=C)C(=O)O,Preferred Calculated Density,1.32,g mL-1
781,C=COC(C)C,Density,0.92,g mL-1
782,C=COC(C)C,Calculated Density,0.92 - 0.93,g mL-1
783,C=COC(C)C,Preferred Calculated Density,0.93,g mL-1
784,C1COCO1,Density,1.172,g mL-1
785,C1COCO1,Calculated Density,1.07 - 1.24,g mL-1
786,C1COCO1,Preferred Calculated Density,1.17,g mL-1
787,CCCOC(=O)C(=C)Cl,Density,1.3,g mL-1
788,CCCOC(=O)C(=C)Cl,Calculated Density,1.29 - 1.32,g mL-1
789,CCCOC(=O)C(=C)Cl,Preferred Calculated Density,1.31,g mL-1
790,C(OC(=O)C)C,Density,1.26 - 1.33,g mL-1
791,C(OC(=O)C)C,Preferred Density,1.29,g mL-1
792,C(OC(=O)C)C,Calculated Density,1.17 - 1.33,g mL-1
793,C(OC(=O)C)C,Preferred Calculated Density,1.25,g mL-1
794,BrC=C,Density,2.02 - 2.20,g mL-1
795,BrC=C,Preferred Density,2.13,g mL-1
796,BrC=C,Calculated Density,2.12 - 2.23,g mL-1
797,BrC=C,Preferred Calculated Density,2.18,g mL-1
798,CCOC(=O)C(=C)Cl,Density,1.39,g mL-1
799,CCOC(=O)C(=C)Cl,Calculated Density,1.35 - 1.40,g mL-1
800,CCOC(=O)C(=C)Cl,Preferred Calculated Density,1.38,g mL-1
801,CCCOC(=O)CC(=C)C(=O)OCCC,Calculated Density,1.13 - 1.17,g mL-1
802,CCCOC(=O)CC(=C)C(=O)OCCC,Preferred Calculated Density,1.15,g mL-1
803,C1C(CO1)(CCl)CCl,Density,1.39,g mL-1
804,C1C(CO1)(CCl)CCl,Calculated Density,1.33 - 1.40,g mL-1
805,C1C(CO1)(CCl)CCl,Preferred Calculated Density,1.37,g mL-1
806,CCOC=C,Density,0.94 - 1.02,g mL-1
807,CCOC=C,Preferred Density,0.97,g mL-1
808,CCOC=C,Calculated Density,0.95 - 0.97,g mL-1
809,CCOC=C,Preferred Calculated Density,0.96,g mL-1
810,CC(c1ccc(cc1)O)(c1ccc(cc1)O)C.Clc1ccc(cc1)S(=O)(=O)c1ccc(cc1)Cl,Density,1.23 - 1.24,g mL-1
811,CC(c1ccc(cc1)O)(c1ccc(cc1)O)C.Clc1ccc(cc1)S(=O)(=O)c1ccc(cc1)Cl,Preferred Density,1.24,g mL-1
812,CC(c1ccc(cc1)O)(c1ccc(cc1)O)C.Clc1ccc(cc1)S(=O)(=O)c1ccc(cc1)Cl,Calculated Density,1.20 - 1.24,g mL-1
813,CC(c1ccc(cc1)O)(c1ccc(cc1)O)C.Clc1ccc(cc1)S(=O)(=O)c1ccc(cc1)Cl,Preferred Calculated Density,1.22,g mL-1
814,CC=C,Density,0.85 - 0.88,g mL-1
815,CC=C,Preferred Density,0.86,g mL-1
816,CC=C,Calculated Density,0.82 - 0.90,g mL-1
817,CC=C,Preferred Calculated Density,0.85,g mL-1
818,[Na]Oc1ccc(cc1)O[Na].O=C(c1ccc(cc1)Cl)c1ccc(cc1)Cl,Density,1.26 - 1.27,g mL-1
819,[Na]Oc1ccc(cc1)O[Na].O=C(c1ccc(cc1)Cl)c1ccc(cc1)Cl,Preferred Density,1.26,g mL-1
820,[Na]Oc1ccc(cc1)O[Na].O=C(c1ccc(cc1)Cl)c1ccc(cc1)Cl,Calculated Density,1.22 - 1.25,g mL-1
821,[Na]Oc1ccc(cc1)O[Na].O=C(c1ccc(cc1)Cl)c1ccc(cc1)Cl,Preferred Calculated Density,1.24,g mL-1
822,OC(=O)CCCCCCCCC(=O)O.CC(=O)OC(=O)C,Density,1,g mL-1
823,OC(=O)CCCCCCCCC(=O)O.CC(=O)OC(=O)C,Calculated Density,1.11 - 1.13,g mL-1
824,OC(=O)CCCCCCCCC(=O)O.CC(=O)OC(=O)C,Preferred Calculated Density,1.12,g mL-1
825,C=COCC(C)C,Density,0.90 - 0.93,g mL-1
826,C=COCC(C)C,Preferred Density,0.92,g mL-1
827,C=COCC(C)C,Calculated Density,0.91 - 0.92,g mL-1
828,C=COCC(C)C,Preferred Calculated Density,0.92,g mL-1
829,OCCO.O=C=Nc1ccc(cc1)Cc1ccc(cc1)N=C=O,Calculated Density,1.23 - 1.33,g mL-1
830,OCCO.O=C=Nc1ccc(cc1)Cc1ccc(cc1)N=C=O,Preferred Calculated Density,1.28,g mL-1
831,CCC=C,Density,0.859,g mL-1
832,CCC=C,Preferred Density,0.859,g mL-1
833,CCC=C,Calculated Density,0.82 - 0.90,g mL-1
834,CCC=C,Preferred Calculated Density,0.86,g mL-1
835,O1CC1,Density,1.13,g mL-1
836,O1CC1,Preferred Density,1.13,g mL-1
837,O1CC1,Calculated Density,1.03 - 1.17,g mL-1
838,O1CC1,Preferred Calculated Density,1.11,g mL-1
839,Oc1ccc(cc1)O.Clc1ccc(cc1)S(=O)(=O)c1ccc(cc1)Cl,Calculated Density,1.31 - 1.34,g mL-1
840,Oc1ccc(cc1)O.Clc1ccc(cc1)S(=O)(=O)c1ccc(cc1)Cl,Preferred Calculated Density,1.33,g mL-1
841,CC(c1ccc(cc1)O)(c1ccc(cc1)O)C.ClC(=O)Cl,Density,1.20 - 1.22,g mL-1
842,CC(c1ccc(cc1)O)(c1ccc(cc1)O)C.ClC(=O)Cl,Preferred Density,1.21,g mL-1
843,CC(c1ccc(cc1)O)(c1ccc(cc1)O)C.ClC(=O)Cl,Calculated Density,1.21,g mL-1
844,OCCOCCOCCOCCO.O=C=NCCCCCCN=C=O,Density,1.22,g mL-1
845,OCCOCCOCCOCCO.O=C=NCCCCCCN=C=O,Calculated Density,1.18 - 2.24,g mL-1
846,OCCOCCOCCOCCO.O=C=NCCCCCCN=C=O,Preferred Calculated Density,2.21,g mL-1
847,"CC[Si](CC)(Cl)Cl, CC[Si](CC)(OC)OC",Density,0.99,g mL-1
848,C=CCC(C)C,Density,0.83 - 0.84,g mL-1
849,C=CCC(C)C,Preferred Density,0.84,g mL-1
850,C=CCC(C)C,Calculated Density,0.82 - 0.90,g mL-1
851,C=CCC(C)C,Preferred Calculated Density,0.85,g mL-1
852,CCC(OC(=O)C(=C)C)C,Density,1.05,g mL-1
853,CCC(OC(=O)C(=C)C)C,Calculated Density,1.03 - 1.07,g mL-1
854,CCC(OC(=O)C(=C)C)C,Preferred Calculated Density,1.06,g mL-1
855,CCCC(=O)OC=C,Density,1.09,g mL-1
856,CCCC(=O)OC=C,Calculated Density,1.09 - 1.13,g mL-1
857,CCCC(=O)OC=C,Preferred Calculated Density,1.12,g mL-1
858,Clc1ccc(cc1)Cl.[Na]S[Na],Density,1.34 - 1.36,g mL-1
859,Clc1ccc(cc1)Cl.[Na]S[Na],Preferred Density,1.35,g mL-1
860,Clc1ccc(cc1)Cl.[Na]S[Na],Calculated Density,1.25 - 1.30,g mL-1
861,Clc1ccc(cc1)Cl.[Na]S[Na],Preferred Calculated Density,1.27,g mL-1
862,C=COC=O,Density,1.35,g mL-1
863,C=COC=O,Calculated Density,1.23 - 1.37,g mL-1
864,C=COC=O,Preferred Calculated Density,1.3,g mL-1
865,Oc1c(C)cccc1(C),Density,1.02 - 1.08,g mL-1
866,Oc1c(C)cccc1(C),Preferred Density,1.06,g mL-1
867,Oc1c(C)cccc1(C),Calculated Density,0.97 - 1.13,g mL-1
868,Oc1c(C)cccc1(C),Preferred Calculated Density,1.07,g mL-1
869,C=Cc1ccc(cc1)F,Density,1.2,g mL-1
870,C=Cc1ccc(cc1)F,Calculated Density,1.13 - 1.19,g mL-1
871,C=Cc1ccc(cc1)F,Preferred Calculated Density,1.16,g mL-1
872,C=CC=C,Density,0.90 - 0.92,g mL-1
873,C=CC=C,Preferred Density,0.91,g mL-1
874,C=CC=C,Calculated Density,0.89 - 0.94,g mL-1
875,C=CC=C,Preferred Calculated Density,0.92,g mL-1
876,C=CC(=O)Oc1ccc(cc1)Cl,Density,1.05,g mL-1
877,C=CC(=O)Oc1ccc(cc1)Cl,Calculated Density,1.08 - 1.14,g mL-1
878,C=CC(=O)Oc1ccc(cc1)Cl,Preferred Calculated Density,1.1,g mL-1
879,Oc1ccc(cc1)Sc1ccc(cc1)O.ClC(=O)Cl,Density,1.36,g mL-1
880,Oc1ccc(cc1)Sc1ccc(cc1)O.ClC(=O)Cl,Calculated Density,1.35 - 1.40,g mL-1
881,Oc1ccc(cc1)Sc1ccc(cc1)O.ClC(=O)Cl,Preferred Calculated Density,1.37,g mL-1
882,C=Cc1ccc(cc1)C(C)(C)C,Density,0.95,g mL-1
883,C=Cc1ccc(cc1)C(C)(C)C,Preferred Density,0.95,g mL-1
884,C=Cc1ccc(cc1)C(C)(C)C,Calculated Density,0.96 - 0.99,g mL-1
885,C=Cc1ccc(cc1)C(C)(C)C,Preferred Calculated Density,0.96,g mL-1
886,CC(COC(=O)C(=C)C)C,Density,1.05 - 1.06,g mL-1
887,CC(COC(=O)C(=C)C)C,Preferred Density,1.05,g mL-1
888,CC(COC(=O)C(=C)C)C,Calculated Density,1.03 - 1.07,g mL-1
889,CC(COC(=O)C(=C)C)C,Preferred Calculated Density,1.06,g mL-1
890,CCC(c1ccc(cc1)O)(c1ccc(cc1)O)C.ClC(=O)Cl,Density,1.18,g mL-1
891,CCC(c1ccc(cc1)O)(c1ccc(cc1)O)C.ClC(=O)Cl,Calculated Density,1.18 - 1.19,g mL-1
892,CCC(c1ccc(cc1)O)(c1ccc(cc1)O)C.ClC(=O)Cl,Preferred Calculated Density,1.19,g mL-1
893,O=C=O.C1CO1,Density,1.42,g mL-1
894,O=C=O.C1CO1,Calculated Density,1.53 - 1.69,g mL-1
895,O=C=O.C1CO1,Preferred Calculated Density,1.61,g mL-1
896,C=CN1CCCC1=O,Density,1.1 - 1.3,g mL-1
897,C=CN1CCCC1=O,Preferred Density,1.2,g mL-1
898,C=CN1CCCC1=O,Calculated Density,1.32,g mL-1
899,OC(=O)c1cccc(c1)C(=O)O.OCCCCO,Density,1.27,g mL-1
900,OC(=O)c1cccc(c1)C(=O)O.OCCCCO,Calculated Density,1.24 - 1.31,g mL-1
901,OC(=O)c1cccc(c1)C(=O)O.OCCCCO,Preferred Calculated Density,1.27,g mL-1
902,CCCCOC(=O)CC(=C)C(=O)OCCCC,Calculated Density,1.09 - 1.12,g mL-1
903,CCCCOC(=O)CC(=C)C(=O)OCCCC,Preferred Calculated Density,1.11,g mL-1
904,CC(OC(=O)C(=C)C)C,Density,1.03 - 1.07,g mL-1
905,CC(OC(=O)C(=C)C)C,Preferred Density,1.05,g mL-1
906,CC(OC(=O)C(=C)C)C,Calculated Density,1.05 - 1.10,g mL-1
907,CC(OC(=O)C(=C)C)C,Preferred Calculated Density,1.08,g mL-1
908,NCCCCCCN.ClC(=O)c1ccc(cc1)C(=O)Cl,Density,1.18,g mL-1
909,NCCCCCCN.ClC(=O)c1ccc(cc1)C(=O)Cl,Calculated Density,1.13 - 1.15,g mL-1
910,NCCCCCCN.ClC(=O)c1ccc(cc1)C(=O)Cl,Preferred Calculated Density,1.15,g mL-1
911,OC(=O)CCCCC(=O)O.OCCO,Density,1.18 - 1.22,g mL-1
912,OC(=O)CCCCC(=O)O.OCCO,Preferred Density,1.2,g mL-1
913,OC(=O)CCCCC(=O)O.OCCO,Calculated Density,1.22 - 1.28,g mL-1
914,OC(=O)CCCCC(=O)O.OCCO,Preferred Calculated Density,1.25,g mL-1
915,OCCCCO.O=C=Nc1ccc(cc1)Cc1ccc(cc1)N=C=O,Density,1.3,g mL-1
916,OCCCCO.O=C=Nc1ccc(cc1)Cc1ccc(cc1)N=C=O,Calculated Density,1.20 - 1.27,g mL-1
917,OCCCCO.O=C=Nc1ccc(cc1)Cc1ccc(cc1)N=C=O,Preferred Calculated Density,1.23,g mL-1
918,OCCCCO.O=C=Nc1ccc(cc1)Cc1ccc(cc1)N=C=O,Density,1.3,g mL-1
919,OCCCCO.O=C=Nc1ccc(cc1)Cc1ccc(cc1)N=C=O,Calculated Density,1.20 - 1.27,g mL-1
920,OCCCCO.O=C=Nc1ccc(cc1)Cc1ccc(cc1)N=C=O,Preferred Calculated Density,1.23,g mL-1
921,CC(O).O=CCCC,Calculated Density,1.07 - 1.20,g mL-1
922,CC(O).O=CCCC,Preferred Calculated Density,1.11,g mL-1
923,CC(O).O=C,Calculated Density,1.23 - 1.25,g mL-1
924,CC(O).O=C,Preferred Calculated Density,1.24,g mL-1
925,CCCC(=O)OC[C@H]1CO1,Density,1.018,g/cm3
926,CCOC(=O)[C@H](C)O,Density,1.042,g/cm3
927,CC(Cl)(Cl)Cl,Density,1.338,g/cm3
928,ClC(Cl)C(Cl)Cl,Density,1.586,g/cm3
929,FC(F)C(F)(F)OCC1CO1,Density,1.38,g/cm3
930,C1CC2OC2CCC2OC12,Density,1.138,g/cm3
931,C(CCC1CO1)CC1CO1,Density,0.997,g/cm3
932,C=C=CC,Density,0.652,g/cm3
933,Clc1ccccc1Cl,Density,1.306,g/cm3
934,ClCCCl,Density,1.231,g/cm3
935,ClCCCl,Density,1.245,g/cm3
936,CCc1ccccc1CC,Density,0.867,g/cm3
937,CCc1ccccc1CC,Density,0.876,g/cm3
938,CCc1ccccc1CC,Density,0.876,g/cm3
939,CCc1ccccc1CC,Density,0.876,g/cm3
940,CCCCCCCCC1CO1,Density,0.84,g/cm3
941,CCCCCCCCCCC1CO1,Density,0.844,g/cm3
942,CCCCCCCCCCCCCCC1CO1,Density,0.846,g/cm3
943,CCCCC1CO1,Density,0.831,g/cm3
944,CCCCCCCCCCCCC1CO1,Density,0.845,g/cm3
945,C=C,Density,1.113,g/cm3
946,C=CC=C,Density,0.65,g/cm3
947,CC(O)CCO.O=S(O)O,Density,1.231,g/cm3
948,CC(O)CCO.O=S(O)O,Density,1.231,g/cm3
949,CCc1cccc(CC)c1,Density,0.86,g/cm3
950,CCc1cccc(CC)c1,Density,0.86,g/cm3
951,CCc1cccc(CC)c1,Density,0.86,g/cm3
952,CCc1cccc(CC)c1,Density,0.86,g/cm3
953,CCc1cccc(CC)c1,Density,0.86,g/cm3
954,CCc1cccc(CC)c1,Density,0.86,g/cm3
955,CCc1cccc(CC)c1,Density,0.86,g/cm3
956,CCc1cccc(CC)c1,Density,0.86,g/cm3
957,CCc1cccc(CC)c1,Density,0.86,g/cm3
958,CCc1cccc(CC)c1,Density,0.86,g/cm3
959,CCc1cccc(CC)c1,Density,0.86,g/cm3
960,CCc1cccc(CC)c1,Density,0.86,g/cm3
961,CCc1cccc(CC)c1,Density,0.86,g/cm3
962,CCc1cccc(CC)c1,Density,0.86,g/cm3
963,CCc1cccc(CC)c1,Density,0.86,g/cm3
964,CCc1cccc(CC)c1,Density,0.86,g/cm3
965,CCc1cccc(CC)c1,Density,0.86,g/cm3
966,CCc1cccc(CC)c1,Density,0.86,g/cm3
967,CCc1cccc(CC)c1,Density,0.86,g/cm3
968,CCc1cccc(CC)c1,Density,0.86,g/cm3
969,CCc1cccc(CC)c1,Density,0.86,g/cm3
970,CCc1cccc(CC)c1,Density,0.86,g/cm3
971,CCc1cccc(CC)c1,Density,0.86,g/cm3
972,OC(CC1CNCCO1)CC1CNCCO1,Density,1.094,g/cm3
973,OCCCO,Density,1.049,g/cm3
974,OCCCO,Density,1.049,g/cm3
975,OCCCO,Density,1.049,g/cm3
976,CCc1ccc(CC)cc1,Density,0.858,g/cm3
977,CCc1ccc(CC)cc1,Density,0.858,g/cm3
978,CCc1ccc(CC)cc1,Density,0.858,g/cm3
979,CCc1ccc(CC)cc1,Density,0.858,g/cm3
980,CCc1ccc(CC)cc1,Density,0.858,g/cm3
981,CCc1ccc(CC)cc1,Density,0.858,g/cm3
982,CCc1ccc(CC)cc1,Density,0.858,g/cm3
983,CCc1ccc(CC)cc1,Density,0.858,g/cm3
984,CCc1ccc(CC)cc1,Density,0.858,g/cm3
985,CCc1ccc(CC)cc1,Density,0.858,g/cm3
986,CCc1ccc(CC)cc1,Density,0.858,g/cm3
987,CCc1ccc(CC)cc1,Density,0.858,g/cm3
988,CCc1ccc(CC)cc1,Density,0.858,g/cm3
989,CCc1ccc(CC)cc1,Density,0.858,g/cm3
990,CCc1ccc(CC)cc1,Density,0.858,g/cm3
991,CCc1ccc(CC)cc1,Density,0.858,g/cm3
992,C1COCCO1,Density,1.034,g/cm3
993,CC12CCC(CC1)C(C)(C)O2,Density,0.921,g/cm3
994,CCCC(C)(O)CN,Density,1.05,g/cm3
995,CC(O)CN,Density,0.961,g/cm3
996,CCC(N)O,Density,0.965,g/cm3
997,CCCCO,Density,0.812,g/cm3
998,C=C(C)CC,Density,0.65,g/cm3
999,C=CC(C)C,Density,0.627,g/cm3
1000,C=CCCBr,Density,1.33,g/cm3
1001,CCCCC(CC)CCl,Density,0.872,g/cm3
1002,CC(C)CCl,Density,0.872,g/cm3
1003,CC(C)CCl,Density,0.872,g/cm3
1004,CC(C)CCl,Density,0.872,g/cm3
1005,CCCCCl,Density,0.875,g/cm3
1006,CCCCCl,Density,0.881,g/cm3
1007,CCCCCl,Density,0.871,g/cm3
1008,CCCCCl,Density,0.881,g/cm3
1009,CCCCCCCCCCCCCCCCCCCCCl,Density,0.872,g/cm3
1010,CCCCCCCCCCCCCCCCCl,Density,0.859,g/cm3
1011,CCCCCCCCCl,Density,0.867,g/cm3
1012,CCCCl,Density,0.89,g/cm3
1013,CCCCl,Density,0.89,g/cm3
1014,CCCCl,Density,0.89,g/cm3
1015,CCCCl,Density,0.89,g/cm3
1016,CCCCCCCCCCCCCCCl,Density,0.858,g/cm3
1017,CCCCCCCCCCCCCCCl,Density,0.857,g/cm3
1018,CCCCCCCCCCCCCCCl,Density,0.857,g/cm3
1019,CCCCCCCCCCCCCCCl,Density,0.858,g/cm3
1020,CCCCCCCCCCCCCCCl,Density,0.858,g/cm3
1021,CCCCCCCO,Density,0.818,g/cm3
1022,CCCCCCCO,Density,0.818,g/cm3
1023,CCCCCCCO,Density,0.818,g/cm3
1024,CCCCCCCO,Density,0.818,g/cm3
1025,CCCCCCCO,Density,0.818,g/cm3
1026,CCCCCCO,Density,0.814,g/cm3
1027,CCCCCCO,Density,0.814,g/cm3
1028,CCCCCCO,Density,0.814,g/cm3
1029,CCCCCCO,Density,0.814,g/cm3
1030,CCCCCCO,Density,0.814,g/cm3
1031,CCCCCCO,Density,0.814,g/cm3
1032,CCCCCCO,Density,0.814,g/cm3
1033,C#CC=COC,Density,0.902,g/cm3
1034,C#CC=COC,Density,0.902,g/cm3
1035,C#CC=COC,Density,0.902,g/cm3
1036,CCC[N+](=O)[O-],Density,0.995,g/cm3
1037,CCCCCCCCO,Density,0.821,g/cm3
1038,CCCCCCCCO,Density,0.821,g/cm3
1039,CCCCCO,Density,0.81,g/cm3
1040,CCCCCO,Density,0.81,g/cm3
1041,CCCCCO,Density,0.81,g/cm3
1042,CCCCCO,Density,0.81,g/cm3
1043,CCCCCO,Density,0.81,g/cm3
1044,CCCCCO,Density,0.81,g/cm3
1045,CCCCCO,Density,0.81,g/cm3
1046,CCCCCO,Density,0.81,g/cm3
1047,CCCCCO,Density,0.81,g/cm3
1048,CCC(C)C(C)(C)C,Density,0.712,g/cm3
1049,CCC(C)C(C)(C)C,Density,0.712,g/cm3
1050,CCC(C)C(C)(C)C,Density,0.712,g/cm3
1051,CC(C)CC(C)(C)C,Density,0.687,g/cm3
1052,CC(C)CC(C)(C)C,Density,0.687,g/cm3
1053,CC(C)CC(C)(C)C,Density,0.683,g/cm3
1054,CC(C)CCC(C)(C)C,Density,0.703,g/cm3
1055,CCC(C)(C)C,Density,0.644,g/cm3
1056,CC(C)C(C)(C)C,Density,0.686,g/cm3
1057,CC(C)C(C)(C)C,Density,0.686,g/cm3
1058,CC(C)C(C)(C)C,Density,0.686,g/cm3
1059,CC(C)C(C)(C)C,Density,0.686,g/cm3
1060,C=C(Br)CBr,Density,1.934,g/cm3
1061,C=C(Cl)CCl,Density,1.211,g/cm3
1062,CC(C)C(C)C,Density,0.657,g/cm3
1063,CC(C)C(C)C,Density,0.657,g/cm3
1064,CC(C)C(C)C,Density,0.657,g/cm3
1065,CCC(C)C(C)C,Density,0.691,g/cm3
1066,CCC(C)C(C)C,Density,0.691,g/cm3
1067,CCC(C)C(C)C,Density,0.691,g/cm3
1068,CCC(C)C(C)C,Density,0.691,g/cm3
1069,c1ccc(CC2CO2)cc1,Density,1.02,g/cm3
1070,CC(C)C(=O)C(C)C,Density,0.805,g/cm3
1071,CC(C)C(=O)C(C)C,Density,0.805,g/cm3
1072,CC(C)C(=O)C(C)C,Density,0.805,g/cm3
1073,CC(C)C(=O)C(C)C,Density,0.805,g/cm3
1074,CC(C)C(=O)C(C)C,Density,0.805,g/cm3
1075,CC(C)CC(C)C,Density,0.799,g/cm3
1076,CC(C)CCC(C)(C)C,Density,0.703,g/cm3
1077,C=[O+]CCOC[CH2-],Density,0.99,g/cm3
1078,C=CCc1ccccc1O,Density,1.028,g/cm3
1079,C=CCOC(C)(O)CN,Density,1.017,g/cm3
1080,C=CCOC(C)(O)CN,Density,1.017,g/cm3
1081,C=C(Br)CO,Density,1.6,g/cm3
1082,CCC(C)O,Density,0.803,g/cm3
1083,CCC(C)O,Density,0.803,g/cm3
1084,CCC(C)O,Density,0.803,g/cm3
1085,CCC(C)O,Density,0.803,g/cm3
1086,CCC(C)O,Density,0.803,g/cm3
1087,CCC(C)O,Density,0.803,g/cm3
1088,CCC(C)=O,Density,0.801,g/cm3
1089,CCCCC1CCCCC1O,Density,0.898,g/cm3
1090,CCCCC1CCCCC1O,Density,0.898,g/cm3
1091,CCCCC1CCCCC1O,Density,0.898,g/cm3
1092,CCCCC1CCCCC1=O,Density,1.047,g/cm3
1093,CCCCCCC(CCCC)CC(N)CCOCCC(N)CC(CCCC)CCCCCC,Density,0.842,g/cm3
1094,CCCCCCC(CCCC)CC(N)CCOCCC(N)CC(CCCC)CCCCCC,Density,0.842,g/cm3
1095,CCCCCCC(CCCC)CC(N)CCOCCC(N)CC(CCCC)CCCCCC,Density,0.842,g/cm3
1096,CCCCCCC(CCCC)CC(N)CCOCCC(N)CC(CCCC)CCCCCC,Density,0.842,g/cm3
1097,CCCCCCC(CCCC)CC(N)CCOCCC(N)CC(CCCC)CCCCCC,Density,0.842,g/cm3
1098,CCCCCCC(CCCC)CC(N)CCOCCC(N)CC(CCCC)CCCCCC,Density,0.842,g/cm3
1099,CC(C)(C)Cl,Density,0.872,g/cm3
1100,C=C(Cl)CO,Density,1.162,g/cm3
1101,O=C([O-])c1ccccc1Cl,Density,1.22,g/cm3
1102,CCC(C)Cl,Density,0.868,g/cm3
1103,CCC(C)Cl,Density,0.868,g/cm3
1104,CCC(C)Cl,Density,0.868,g/cm3
1105,CCC(C)Cl,Density,0.868,g/cm3
1106,OCCCl,Density,1.201,g/cm3
1107,Oc1ccccc1Cl,Density,1.241,g/cm3
1108,CC(C)Cl,Density,0.865,g/cm3
1109,CCOCCO,Density,0.926,g/cm3
1110,CCOCCO,Density,0.815,g/cm3
1111,CCOCCO,Density,0.926,g/cm3
1112,CCC(CC)CO,Density,0.829,g/cm3
1113,CCC(CC)CO,Density,0.829,g/cm3
1114,CCC(CC)CO,Density,0.829,g/cm3
1115,CCC(CC)CO,Density,0.829,g/cm3
1116,CCC(CC)CO,Density,0.829,g/cm3
1117,CCC(CC)CO,Density,0.829,g/cm3
1118,CCC1CCCCC1O,Density,0.908,g/cm3
1119,CCCCC(CC)C(=O)[O-],Density,0.875,g/cm3
1120,CCCCC(CC)COCC1CO1,Density,0.891,g/cm3
1121,CC1(O)CC=CO1,Density,1.057,g/cm3
1122,CCCCCC(C)O,Density,0.818,g/cm3
1123,CCCCCC(C)O,Density,0.818,g/cm3
1124,CCCCCC(C)O,Density,0.818,g/cm3
1125,CCCCCC(C)O,Density,0.818,g/cm3
1126,CCCCCC(C)O,Density,0.818,g/cm3
1127,CCCCCC(C)O,Density,0.818,g/cm3
1128,CCCCCC(C)O,Density,0.818,g/cm3
1129,CCCCCC(C)O,Density,0.818,g/cm3
1130,CCCCCC(C)O,Density,0.818,g/cm3
1131,CCCCCC(C)=O,Density,0.811,g/cm3
1132,CCCCCC(C)=O,Density,0.811,g/cm3
1133,CCCCCC(C)=O,Density,0.811,g/cm3
1134,CCCCCC(C)=O,Density,0.811,g/cm3
1135,CCCCCC(C)=O,Density,0.811,g/cm3
1136,CCCCCC(C)=O,Density,0.811,g/cm3
1137,CCCCCC(C)=O,Density,0.811,g/cm3
1138,CCCCCC(C)=O,Density,0.811,g/cm3
1139,CCCCCC(C)=O,Density,0.811,g/cm3
1140,CCCCCC(C)=O,Density,0.811,g/cm3
1141,CCCCCC(C)=O,Density,0.811,g/cm3
1142,CCCCCC(C)=O,Density,0.811,g/cm3
1143,CCCCC(C)=O,Density,0.81,g/cm3
1144,CCCCC(C)=O,Density,0.81,g/cm3
1145,CCCCC(C)=O,Density,0.81,g/cm3
1146,CCCCC(C)=O,Density,0.81,g/cm3
1147,CCCCC(C)=O,Density,0.81,g/cm3
1148,CCCCC(C)=O,Density,0.81,g/cm3
1149,CCCCC(C)=O,Density,0.81,g/cm3
1150,CC=CCCC,Density,0.767,g/cm3
1151,CCC(CO)OC,Density,0.805,g/cm3
1152,CCC(CO)OC,Density,0.805,g/cm3
1153,CCC(CO)OC,Density,0.805,g/cm3
1154,CCC(CO)OC,Density,0.805,g/cm3
1155,CCC(CO)OC,Density,0.805,g/cm3
1156,CCC(CO)OC,Density,0.805,g/cm3
1157,COCCO,Density,0.965,g/cm3
1158,COCCO,Density,0.96,g/cm3
1159,CCC(C)CO,Density,0.815,g/cm3
1160,CCC(C)CO,Density,0.815,g/cm3
1161,CCC(C)CO,Density,0.815,g/cm3
1162,CCC(C)CO,Density,0.805,g/cm3
1163,CCC(C)CO,Density,0.815,g/cm3
1164,CCC(C)CO,Density,0.815,g/cm3
1165,CCC(C)CO,Density,0.815,g/cm3
1166,CCC(C)CO,Density,0.815,g/cm3
1167,CCC(C)CO,Density,0.815,g/cm3
1168,CCC(C)CO,Density,0.815,g/cm3
1169,CC(C)CO,Density,0.798,g/cm3
1170,CC(C)CO,Density,0.798,g/cm3
1171,CC(C)CO,Density,0.798,g/cm3
1172,CC(C)CO,Density,0.798,g/cm3
1173,CC(C)CO,Density,0.798,g/cm3
1174,CC(C)CO,Density,0.798,g/cm3
1175,CC(C)CO,Density,0.798,g/cm3
1176,CC(C)CO,Density,0.798,g/cm3
1177,CC(C)CO,Density,0.798,g/cm3
1178,CCC(C)(C)O,Density,0.805,g/cm3
1179,CCCC(C)(C)O,Density,0.823,g/cm3
1180,CCCCC(CC)CCCCC(C)CO,Density,0.829,g/cm3
1181,CCC(CC)CCC(O)CC(C)C,Density,0.829,g/cm3
1182,CCC(CC)CCC(O)CC(C)C,Density,0.829,g/cm3
1183,CCC(CC)CCC(O)CC(C)C,Density,0.829,g/cm3
1184,CCC(CC)CCC(O)CC(C)C,Density,0.829,g/cm3
1185,CCC(CC)CCC(O)CC(C)C,Density,0.829,g/cm3
1186,CCC(CC)CCC(O)CC(C)C,Density,0.829,g/cm3
1187,CCC(CC)CCC(O)CC(C)C,Density,0.829,g/cm3
1188,CCCCC(CC)CCC(O)CC(C)C,Density,0.829,g/cm3
1189,CCCCC(CC)CCC(O)CC(C)C,Density,0.829,g/cm3
1190,CCCCC(CC)CCC(O)CC(C)C,Density,0.829,g/cm3
1191,CCCCC(CC)CCC(O)CC(C)C,Density,0.829,g/cm3
1192,CCCCC(CC)CCC(O)CC(C)C,Density,0.829,g/cm3
1193,CCCCC(CC)CCC(=O)CC(C)C,Density,0.832,g/cm3
1194,CCCCC(CC)CCC(=O)CC(C)C,Density,0.832,g/cm3
1195,CCCCC(CC)CCC(=O)CC(C)C,Density,0.832,g/cm3
1196,CCC(CC)CCCCC(C)C,Density,0.83,g/cm3
1197,CCCCC(C)C,Density,0.674,g/cm3
1198,CCCCC(C)C,Density,0.674,g/cm3
1199,CCCCC(C)C,Density,0.786,g/cm3
1200,CC1CNCCO1,Density,0.951,g/cm3
1201,CC1CNCCO1,Density,0.951,g/cm3
1202,CCCC(C)C,Density,0.649,g/cm3
1203,CCCC(C)C,Density,0.649,g/cm3
1204,CCCC(C)C,Density,0.649,g/cm3
1205,CCCC(C)C,Density,0.649,g/cm3
1206,CCCCCCC(C)=O,Density,0.814,g/cm3
1207,CCCCCCC(C)=O,Density,0.814,g/cm3
1208,CCCCCCC(C)=O,Density,0.814,g/cm3
1209,CCCCCCC(C)=O,Density,0.814,g/cm3
1210,CCCCCCC(C)=O,Density,0.814,g/cm3
1211,CCCCCCC(C)=O,Density,0.814,g/cm3
1212,CCCC(C)O,Density,0.804,g/cm3
1213,CCCC(C)O,Density,0.804,g/cm3
1214,CCCC(C)O,Density,0.804,g/cm3
1215,CCCC(C)O,Density,0.826,g/cm3
1216,CCCC(C)O,Density,0.804,g/cm3
1217,CCCC(C)O,Density,0.804,g/cm3
1218,CCCC(C)O,Density,0.816,g/cm3
1219,CCCC(C)O,Density,0.804,g/cm3
1220,CCCC(C)O,Density,0.826,g/cm3
1221,CCCC(C)O,Density,0.804,g/cm3
1222,CCCC(C)O,Density,0.804,g/cm3
1223,CCCC(C)O,Density,0.804,g/cm3
1224,CCCC(C)O,Density,0.826,g/cm3
1225,CCCC(C)O,Density,0.804,g/cm3
1226,CCCC(C)O,Density,0.826,g/cm3
1227,CCCC(C)O,Density,0.826,g/cm3
1228,CCCC(C)O,Density,0.826,g/cm3
1229,CCCC(C)O,Density,0.804,g/cm3
1230,CCCC(C)=O,Density,0.802,g/cm3
1231,CCCC(C)=O,Density,0.804,g/cm3
1232,CCCC(C)=O,Density,0.802,g/cm3
1233,CCCC(C)=O,Density,0.802,g/cm3
1234,CCCC(C)=O,Density,0.802,g/cm3
1235,CC(=O)OCCc1ccccc1,Density,0.98,g/cm3
1236,CCCC1CCCCC1=O,Density,0.923,g/cm3
1237,CCCC1CCCCC1=O,Density,0.923,g/cm3
1238,CCCC1CCCCC1=O,Density,0.923,g/cm3
1239,CCCC1CCCCC1=O,Density,0.923,g/cm3
1240,CCCC1CCCCC1=O,Density,0.923,g/cm3
1241,O=C(OCC1CCC2OC2C1)C1CCC2OC2C1,Density,1.17,g/cm3
1242,C=C(C)CCl,Density,0.917,g/cm3
1243,CCCCC(C(C)=O)C(C)C,Density,0.815,g/cm3
1244,CCCCC(C(C)=O)C(C)C,Density,0.815,g/cm3
1245,CCCCC(C(C)=O)C(C)C,Density,0.815,g/cm3
1246,CCCCC(C(C)=O)C(C)C,Density,0.815,g/cm3
1247,CCCCC(C(C)=O)C(C)C,Density,0.815,g/cm3
1248,CCCCC(C(C)=O)C(C)C,Density,0.815,g/cm3
1249,CCC(C(C)=O)C(C)C,Density,0.808,g/cm3
1250,CCC(C(C)=O)C(C)C,Density,0.808,g/cm3
1251,CCC(C(C)=O)C(C)C,Density,0.808,g/cm3
1252,CCC(C(C)=O)C(C)C,Density,0.808,g/cm3
1253,CCC(C(C)=O)C(C)C,Density,0.808,g/cm3
1254,CCC(C(C)=O)C(C)C,Density,0.808,g/cm3
1255,CCC(C(C)=O)C(C)C,Density,0.808,g/cm3
1256,CCC(C(C)=O)C(C)C,Density,0.808,g/cm3
1257,CCC(C(C)=O)C(C)C,Density,0.808,g/cm3
1258,CCCCCCCCCCCCOCCCN,Density,0.84,g/cm3
1259,CC(C)CCO,Density,0.805,g/cm3
1260,CC(C)CCO,Density,0.805,g/cm3
1261,CC(C)CCO,Density,0.805,g/cm3
1262,CC(C)CCO,Density,0.805,g/cm3
1263,CC(C)CCO,Density,0.805,g/cm3
1264,CC(C)CCO,Density,0.805,g/cm3
1265,CC(C)CCO,Density,0.805,g/cm3
1266,CC(C)C(C)O,Density,0.815,g/cm3
1267,CC(C)C(C)O,Density,0.815,g/cm3
1268,CC(C)C(C)O,Density,0.815,g/cm3
1269,CC(C)C(C)O,Density,0.815,g/cm3
1270,CC(C)C(C)O,Density,0.815,g/cm3
1271,CC(C)C(C)O,Density,0.815,g/cm3
1272,CC(C)C(C)O,Density,0.815,g/cm3
1273,CC(C)C(C)O,Density,0.815,g/cm3
1274,CC(C)C(C)O,Density,0.815,g/cm3
1275,CC(C)C(C)O,Density,0.815,g/cm3
1276,CC(C)C(C)O,Density,0.802,g/cm3
1277,CC(=O)C(C)C,Density,0.807,g/cm3
1278,CC(=O)C(C)C,Density,0.807,g/cm3
1279,CC(=O)C(C)C,Density,0.807,g/cm3
1280,CCCCC(C)C(C)=O,Density,0.818,g/cm3
1281,CCCCC(C)C(C)=O,Density,0.818,g/cm3
1282,CCCCC(C)C(C)=O,Density,0.818,g/cm3
1283,CCCCC(C)C(C)=O,Density,0.818,g/cm3
1284,CCCCC(C)C(C)=O,Density,0.818,g/cm3
1285,CCCCC(C)C(C)=O,Density,0.818,g/cm3
1286,CCC(C)C(C)O,Density,0.823,g/cm3
1287,CCC(C)C(C)O,Density,0.818,g/cm3
1288,CCC(C)C(C)O,Density,0.823,g/cm3
1289,CCC(C)C(C)O,Density,0.824,g/cm3
1290,CCC(C)C(C)O,Density,0.815,g/cm3
1291,CCC(C)C(C)O,Density,0.823,g/cm3
1292,CCC(C)C(C)O,Density,0.823,g/cm3
1293,CCC(C)C(C)=O,Density,0.808,g/cm3
1294,CCC(C)C(C)=O,Density,0.808,g/cm3
1295,CCC(C)C(C)=O,Density,0.808,g/cm3
1296,CCC(C)C(C)=O,Density,0.808,g/cm3
1297,CCC(C)C(C)=O,Density,0.808,g/cm3
1298,CCC(C)C(C)=O,Density,0.824,g/cm3
1299,CCC(C)C(C)=O,Density,0.808,g/cm3
1300,CCC(C)C(C)=O,Density,0.808,g/cm3
1301,CCC(C)C(C)=O,Density,0.808,g/cm3
1302,CCC(C)C(C)=O,Density,0.808,g/cm3
1303,CCC(CC)C(O)C(C)C(C)O,Density,0.922,g/cm3
1304,CCC(CC)C(O)C(C)C(C)O,Density,0.922,g/cm3
1305,CCC(CC)C(O)C(C)C(C)O,Density,0.922,g/cm3
1306,CC1CCCC(O)C1,Density,0.913,g/cm3
1307,CC1CCCC(O)C1,Density,0.913,g/cm3
1308,CCCC(C)CC,Density,0.683,g/cm3
1309,CCCC(C)CC,Density,0.683,g/cm3
1310,CCCC(C)CC,Density,0.683,g/cm3
1311,CCCC(C)CC,Density,0.683,g/cm3
1312,CCCC(C)CC,Density,0.683,g/cm3
1313,CCC(C)CC,Density,0.66,g/cm3
1314,CCC(C)CC,Density,0.66,g/cm3
1315,CCC(C)CC,Density,0.66,g/cm3
1316,CCCCCC(=O)CC,Density,0.83,g/cm3
1317,CCCCCC(=O)CC,Density,0.83,g/cm3
1318,CCC(=O)CC,Density,0.81,g/cm3
1319,CCC(=O)CC,Density,0.81,g/cm3
1320,CCC(=O)CC,Density,0.81,g/cm3
1321,CCC(=O)CC,Density,0.81,g/cm3
1322,O=C1OC(Cl)C(Cl)O1,Density,1.591,g/cm3
1323,C=CCc1ccc(O)c(OC)c1,Density,1.066,g/cm3
1324,C=CCc1ccc(OC)cc1,Density,0.965,g/cm3
1325,CCCC(=O)CCC,Density,0.813,g/cm3
1326,CCCC(=O)CCC,Density,0.813,g/cm3
1327,CCCC(=O)CCC,Density,0.813,g/cm3
1328,CCCC(=O)CCC,Density,0.813,g/cm3
1329,CCCC(=O)CCC,Density,0.813,g/cm3
1330,CCCC(=O)CCC,Density,0.813,g/cm3
1331,CCCC(=O)CCC,Density,0.813,g/cm3
1332,CCCC(=O)CCC,Density,0.813,g/cm3
1333,CCCC(=O)CCC,Density,0.813,g/cm3
1334,CCCC(=O)CCC,Density,0.813,g/cm3
1335,CCCCO,Density,0.939,g/cm3
1336,CC(C)CC(C)O,Density,0.802,g/cm3
1337,CC(C)CC(C)O,Density,0.802,g/cm3
1338,CC(C)CC(C)O,Density,0.802,g/cm3
1339,CC(C)CC(C)O,Density,0.802,g/cm3
1340,CC(C)CC(C)O,Density,0.802,g/cm3
1341,CC(C)CC(C)O,Density,0.802,g/cm3
1342,CC(C)CC(C)O,Density,0.802,g/cm3
1343,CC(C)CC(C)O,Density,0.802,g/cm3
1344,CC(C)CC(C)O,Density,0.802,g/cm3
1345,CC(=O)CC(C)C,Density,0.797,g/cm3
1346,CC(=O)CC(C)C,Density,0.797,g/cm3
1347,CC(=O)CC(C)C,Density,0.797,g/cm3
1348,CC(=O)CC(C)C,Density,0.797,g/cm3
1349,CC(=O)CC(C)C,Density,0.797,g/cm3
1350,CC(=O)CC(C)C,Density,0.797,g/cm3
1351,CC(=O)CC(C)C,Density,0.797,g/cm3
1352,CC(=O)CC(C)C,Density,0.797,g/cm3
1353,CC(=O)CC(C)C,Density,0.797,g/cm3
1354,CC1CCC(O)CC1,Density,0.908,g/cm3
1355,CC1CCC(O)CC1,Density,0.908,g/cm3
1356,CC1CCC(=O)CC1,Density,0.908,g/cm3
1357,CC(C)(C)OC(=O)Nc1ccncc1,Density,0.975,g/cm3
1358,CC(C)(C)c1ccc(OCC2CO2)cc1,Density,1.038,g/cm3
1359,CCCCC(CC)CCC(C)O,Density,0.83,g/cm3
1360,CCCCC(CC)CCC(C)O,Density,0.83,g/cm3
1361,CCCCC(CC)CCC(C)O,Density,0.83,g/cm3
1362,CCCCC(CC)CCC(C)O,Density,0.83,g/cm3
1363,CCCCC(CC)CCC(C)O,Density,0.83,g/cm3
1364,CCCCC(CC)CCC(C)O,Density,0.83,g/cm3
1365,CCCCC(CC)CCC(C)O,Density,0.83,g/cm3
1366,CCCC(CC)CCCC(C)O,Density,0.836,g/cm3
1367,CCCCC(CC)CCC(O)CC,Density,0.838,g/cm3
1368,CCCCC(CC)CCC(O)CC,Density,0.838,g/cm3
1369,CCCCC(CC)CCC(O)CC,Density,0.838,g/cm3
1370,CCCCC(CC)CCC(O)CC,Density,0.838,g/cm3
1371,CCCCC(CC)CCC(O)CC,Density,0.838,g/cm3
1372,CCCCC(CC)CCC(O)CC,Density,0.838,g/cm3
1373,CCCCC(CC)CCC(O)CC,Density,0.838,g/cm3
1374,CCC(O)CCC(CC)CC,Density,0.836,g/cm3
1375,CCC(O)CCC(CC)CC,Density,0.832,g/cm3
1376,CCC(O)CCC(CC)CC,Density,0.836,g/cm3
1377,CCC(O)CCC(CC)CC,Density,0.836,g/cm3
1378,CCCCC(C)(CC)CCC(O)CCC,Density,0.829,g/cm3
1379,CCOC(C)OCC,Density,0.753,g/cm3
1380,CC(=O)[O-],Density,0.934,g/cm3
1381,CC(=O)O,Density,1.049,g/cm3
1382,CC(=O)OC(C)=O,Density,1.082,g/cm3
1383,CC(C)=O,Density,0.79,g/cm3
1384,CC(C)=O,Density,0.788,g/cm3
1385,CC#N,Density,0.786,g/cm3
1386,C#C,Density,1,g/cm3
1387,C#Cc1ccccc1,Density,0.929,g/cm3
1388,CCN(CC)C(=O)[C@@H]1C=C2c3cccc4[nH]cc(c34)C[C@H]2N(C)C1,Density,1.015,g/cm3
1389,CCN(CC)C(=O)[C@@H]1C=C2c3cccc4[nH]cc(c34)C[C@H]2N(C)C1,Density,1.051,g/cm3
1390,CCN(CC)C(=O)[C@@H]1C=C2c3cccc4[nH]cc(c34)C[C@H]2N(C)C1,Density,1.59,g/cm3
1391,C=CC=O,Density,0.839,g/cm3
1392,C=C(Cl)C=O,Density,1.199,g/cm3
1393,C=C(C)C=O,Density,0.847,g/cm3
1394,C=CC(N)=O,Density,1.122,g/cm3
1395,C=CCOc1ccccc1C,Density,0.95,g/cm3
1396,C=CCOc1cccc(C)c1,Density,0.9564,g/cm3
1397,C=CCOc1ccc(C)cc1,Density,0.97,g/cm3
1398,C=CCSCC=C,Density,0.887,g/cm3
1399,C=CCOC(C)=O,Density,0.928,g/cm3
1400,C=CCCC(=O)O,Density,0.981,g/cm3
1401,C=CCOC(=O)CC(C)=O,Density,1.037,g/cm3
1402,C=CCO,Density,0.847,g/cm3
1403,C=CCO,Density,0.847,g/cm3
1404,C=CCO,Density,0.854,g/cm3
1405,C=CCN,Density,0.761,g/cm3
1406,C=CCOCc1ccccc1,Density,0.959,g/cm3
1407,C=CCBr,Density,1.398,g/cm3
1408,C=CCOCCCC,Density,0.783,g/cm3
1409,C=CCOC(=O)CCC,Density,0.902,g/cm3
1410,C=CCCl,Density,0.939,g/cm3
1411,C=CCCl,Density,0.932,g/cm3
1412,C=CCCl,Density,0.932,g/cm3
1413,C=CCOC(=O)CCl,Density,1.159,g/cm3
1414,C=CCOC(=O)Cl,Density,1.136,g/cm3
1415,C=CCC#N,Density,0.834,g/cm3
1416,C=CCOC(=O)CC#N,Density,1.065,g/cm3
1417,C=CCOCC,Density,0.76,g/cm3
1418,C=CCOC=O,Density,0.946,g/cm3
1419,C=CCOCC1CO1,Density,0.962,g/cm3
1420,C=CCI,Density,1.837,g/cm3
1421,C=CCN=C=O,Density,0.94,g/cm3
1422,C=CCOC(C)C,Density,0.7764,g/cm3
1423,C=CCOC,Density,0.978,g/cm3
1424,C=CCS(=O)(=O)c1ccccc1,Density,1.189,g/cm3
1425,C=CCOc1ccccc1,Density,0.978,g/cm3
1426,C=CCN,Density,0.758,g/cm3
1427,C=CCN,Density,0.758,g/cm3
1428,C=CCc1ccccc1,Density,0.892,g/cm3
1429,C=CCOCC1CO1,Density,0.962,g/cm3
1430,CCCCCOC(C)=O,Density,0.871,g/cm3
1431,CCCCCOC(C)=O,Density,0.871,g/cm3
1432,CCCCCOC(C)=O,Density,0.871,g/cm3
1433,CCCCCOCCCCC,Density,0.799,g/cm3
1434,CCCCCOCCCCC,Density,0.799,g/cm3
1435,CCCCCOCCCCC,Density,0.799,g/cm3
1436,CCCCCOCCCCC,Density,0.799,g/cm3
1437,CCCCCOCCCCC,Density,0.799,g/cm3
1438,CCCCCOCCCCC,Density,0.799,g/cm3
1439,CCCCCOCCCCC,Density,0.799,g/cm3
1440,CCCCCOCCCCC,Density,0.799,g/cm3
1441,O=[Cr](=O)=O,Density,1.035,g/cm3
1442,Nc1ccccc1,Density,1.022,g/cm3
1443,COc1ccccc1,Density,0.995,g/cm3
1444,O=Cc1ccccc1,Density,1.041,g/cm3
1445,c1ccccc1,Density,0.874,g/cm3
1446,c1ccccc1,Density,0.874,g/cm3
1447,c1ccccc1,Density,0.874,g/cm3
1448,c1ccccc1,Density,0.874,g/cm3
1449,c1ccccc1,Density,0.874,g/cm3
1450,c1ccccc1,Density,0.874,g/cm3
1451,c1ccccc1,Density,0.874,g/cm3
1452,c1ccccc1,Density,0.874,g/cm3
1453,O=C([O-])c1ccccc1,Density,1.07,g/cm3
1454,N#Cc1ccccc1,Density,1.01,g/cm3
1455,CC(=O)OCc1ccccc1,Density,1.051,g/cm3
1456,CC(=O)OCc1ccccc1,Density,1.04,g/cm3
1457,OCc1ccccc1,Density,1.045,g/cm3
1458,OCc1ccccc1,Density,1.041,g/cm3
1459,O=C(OCc1ccccc1)c1ccccc1,Density,1.0573,g/cm3
1460,O=C(OCc1ccccc1)c1ccccc1,Density,1.04,g/cm3
1461,c1ccc(-c2ccccc2)cc1,Density,0.992,g/cm3
1462,O=C(CCCCC(=O)OCC1CCC2OC2C1)OCC1CCC2OC2C1,Density,1.149,g/cm3
1463,BrC(Br)Br,Density,2.894,g/cm3
1464,CCCC,Density,0.877,g/cm3
1465,CCCCS,Density,0.837,g/cm3
1466,CCCCS,Density,0.837,g/cm3
1467,CCCCS,Density,0.837,g/cm3
1468,CCCCS,Density,0.837,g/cm3
1469,CCCCS,Density,0.837,g/cm3
1470,CCCCS,Density,0.837,g/cm3
1471,CCCCS,Density,0.837,g/cm3
1472,CCCCO,Density,0.812,g/cm3
1473,CCCCO,Density,0.812,g/cm3
1474,CCCCO,Density,0.812,g/cm3
1475,CCCCOCCOC(=O)c1cccnc1,Density,0.866,g/cm3
1476,CCCCOC=O,Density,0.888,g/cm3
1477,CCCCCCCCCCCCCCCCCC(=O)OCCCC,Density,0.854,g/cm3
1478,CCCCCCCCCCCCCCCCCC(=O)OCCCC,Density,0.854,g/cm3
1479,CCCCCCCCCCCCCCCCCC(=O)OCCCC,Density,0.85,g/cm3
1480,CCCCCCCCCCCCCCCCCC(=O)OCCCC,Density,0.854,g/cm3
1481,CCCCc1ccccc1,Density,0.856,g/cm3
1482,CCCCc1ccccc1,Density,0.856,g/cm3
1483,CCCCc1ccccc1,Density,0.856,g/cm3
1484,CCCCc1ccccc1,Density,0.856,g/cm3
1485,CCCCc1ccccc1,Density,0.856,g/cm3
1486,CCCCc1ccccc1,Density,0.856,g/cm3
1487,CCCCc1ccccc1,Density,0.856,g/cm3
1488,CCCCc1ccccc1,Density,0.856,g/cm3
1489,CCCCc1ccccc1,Density,0.856,g/cm3
1490,CCCC=O,Density,0.799,g/cm3
1491,CCCC=O,Density,0.799,g/cm3
1492,CCCC(=O)[O-],Density,0.9022,g/cm3
1493,CCCC(=O)O,Density,0.955,g/cm3
1494,O=C1CCCO1,Density,1.051,g/cm3
1495,O=C1CCCO1,Density,1.051,g/cm3
1496,O=C1CCCO1,Density,1.051,g/cm3
1497,CCCC#N,Density,0.786,g/cm3
1498,CCCC#N,Density,0.786,g/cm3
1499,CCCCCCCCCC(=O)O,Density,0.923,g/cm3
1500,CCCCCC(=O)O,Density,0.923,g/cm3
1501,CCCCCC#N,Density,0.801,g/cm3
1502,CCCCCC#N,Density,0.801,g/cm3
1503,CCCCCC#N,Density,0.801,g/cm3
1504,CCCCCC#N,Density,0.801,g/cm3
1505,CCCCCC#N,Density,0.801,g/cm3
1506,CCCCCC#N,Density,0.801,g/cm3
1507,CCCCCC#N,Density,0.801,g/cm3
1508,CCCCCC#N,Density,0.801,g/cm3
1509,CCCCCC#N,Density,0.801,g/cm3
1510,CCCCCC#N,Density,0.801,g/cm3
1511,CCCCCCCC(=O)O,Density,0.905,g/cm3
1512,CCCCCCCC(=O)O,Density,0.905,g/cm3
1513,CCCCCCCC#N,Density,0.81,g/cm3
1514,CCCCCCCC#N,Density,0.81,g/cm3
1515,CCCCCCCC#N,Density,0.81,g/cm3
1516,CCCCCCCC#N,Density,0.81,g/cm3
1517,CCCCCCCC#N,Density,0.81,g/cm3
1518,CCCCCCCC#N,Density,0.81,g/cm3
1519,ClC(Cl)(Cl)Cl,Density,1.584,g/cm3
1520,ClC(Cl)(Cl)Cl,Density,1.594,g/cm3
1521,S=C=S,Density,1.266,g/cm3
1522,O=C([O-])[O-],Density,1.355,g/cm3
1523,OCC1O[C@@H](O[C@@H]2C(CO)OC(O)C(O)C2O)C(O)C(O)C1O,Density,1.532,g/cm3
1524,OCC1O[C@@H](O[C@@H]2C(CO)OC(O)C(O)C2O)C(O)C(O)C1O,Density,1.58,g/cm3
1525,OCC1O[C@@H](O[C@@H]2C(CO)OC(O)C(O)C2O)C(O)C(O)C1O,Density,1.519-1.531,g/cm3
1526,OCC1O[C@@H](O[C@@H]2C(CO)OC(O)C(O)C2O)C(O)C(O)C1O,Density,1.582-1.630,g/cm3
1527,OCC1O[C@@H](O[C@@H]2C(CO)OC(O)C(O)C2O)C(O)C(O)C1O,Density,1.535-1.547,g/cm3
1528,OCC1O[C@@H](O[C@@H]2C(CO)OC(O)C(O)C2O)C(O)C(O)C1O,Density,1.62-1.64,g/cm3
1529,OCC1O[C@@H](O[C@@H]2C(CO)OC(O)C(O)C2O)C(O)C(O)C1O,Density,1.583-1.62,g/cm3
1530,OCC1O[C@@H](O[C@@H]2C(CO)OC(O)C(O)C2O)C(O)C(O)C1O,Density,1.61,g/cm3
1531,OCC1O[C@@H](O[C@@H]2C(CO)OC(O)C(O)C2O)C(O)C(O)C1O,Density,1.498-1.524,g/cm3
1532,OCC1O[C@@H](O[C@@H]2C(CO)OC(O)C(O)C2O)C(O)C(O)C1O,Density,1.541,g/cm3
1533,OCC1O[C@@H](O[C@@H]2C(CO)OC(O)C(O)C2O)C(O)C(O)C1O,Density,1.541,g/cm3
1534,OCC1O[C@@H](O[C@@H]2C(CO)OC(O)C(O)C2O)C(O)C(O)C1O,Density,1.489-1.528,g/cm3
1535,OCC1O[C@@H](O[C@@H]2C(CO)OC(O)C(O)C2O)C(O)C(O)C1O,Density,1.545-1.585,g/cm3
1536,OCC1O[C@@H](O[C@@H]2C(CO)OC(O)C(O)C2O)C(O)C(O)C1O,Density,1.508-1.548,g/cm3
1537,OCC1O[C@@H](O[C@@H]2C(CO)OC(O)C(O)C2O)C(O)C(O)C1O,Density,1.55,g/cm3
1538,[Cl-],Density,1.07,g/cm3
1539,CC(C)(O)CCl,Density,1.059,g/cm3
1540,CC(C)(O)CCl,Density,1.059,g/cm3
1541,CC(C)(O)CCl,Density,1.059,g/cm3
1542,CC(C)(C)c1ccccc1Cl,Density,1.039,g/cm3
1543,O=C([O-])CCl,Density,1.19,g/cm3
1544,Clc1ccccc1,Density,1.107,g/cm3
1545,ClC(Cl)Cl,Density,1.492,g/cm3
1546,O=C([O-])Cl,Density,1.253,g/cm3
1547,O=C([O-])C=Cc1ccccc1,Density,1.07,g/cm3
1548,C/C=C/C(=O)[O-],Density,0.94,g/cm3
1549,C1CCCCC1,Density,0.779,g/cm3
1550,C1CCCCC1,Density,0.774,g/cm3
1551,OC1CCCCC1,Density,0.948,g/cm3
1552,OC1CCCCC1,Density,0.968,g/cm3
1553,O=C1CCCCC1,Density,0.943,g/cm3
1554,O=C1CCCCC1,Density,0.947,g/cm3
1555,C1CCC2OC2C1,Density,0.97,g/cm3
1556,CC(=O)OC1CCCCC1,Density,0.966,g/cm3
1557,NC1CCCCC1,Density,0.862,g/cm3
1558,Cc1ccccc1C1CCCCC1,Density,0.923,g/cm3
1559,C1CCCC1,Density,0.74,g/cm3
1560,C1CCCC1,Density,0.74,g/cm3
1561,C1CCCC1,Density,0.74,g/cm3
1562,OC1CCCC1,Density,0.949,g/cm3
1563,C1CC2OC2C1,Density,0.964,g/cm3
1564,CCCCCCCCCC(=O)[O-],Density,0.886,g/cm3
1565,CCC(O)CC(O)(CN)CC(O)CC,Density,1.018,g/cm3
1566,CCC(O)CC(O)(CN)CC(O)CC,Density,1.018,g/cm3
1567,CC(O)CC(O)(CN)CC(C)O,Density,1.042,g/cm3
1568,CC(=O)CC(C)(C)O,Density,0.931,g/cm3
1569,C=CCNCC=C,Density,0.787,g/cm3
1570,C=CCOCC=C,Density,0.803,g/cm3
1571,CCCCOC(=O)CCCCCCCCC(=O)OCCCC,Density,0.932,g/cm3
1572,CCCCNCCCC,Density,0.756,g/cm3
1573,CCOCC,Density,0.708,g/cm3
1574,CCOC(=O)/C=C\C(=O)OCC,Density,1.064,g/cm3
1575,CCOC(=O)/C=C\C(=O)OCC,Density,1.064,g/cm3
1576,CCOC(=O)/C=C\C(=O)OCC,Density,1.064,g/cm3
1577,CCOC(=O)CC(=O)OCC,Density,1.051,g/cm3
1578,CCNCC,Density,0.702,g/cm3
1579,OCCOCCO,Density,1.128,g/cm3
1580,OCCOCCO,Density,1.128,g/cm3
1581,CCCCCCc1ccccc1CCCCCC,Density,0.87,g/cm3
1582,CCCCCCc1ccccc1CCCCCC,Density,0.87,g/cm3
1583,CCCCCCc1ccccc1CCCCCC,Density,0.87,g/cm3
1584,CCCCCCc1ccccc1CCCCCC,Density,0.87,g/cm3
1585,CCCCCCc1ccccc1CCCCCC,Density,0.87,g/cm3
1586,CCCCCCc1ccccc1CCCCCC,Density,0.87,g/cm3
1587,CCCCCCc1ccccc1CCCCCC,Density,0.87,g/cm3
1588,CCCCCCc1ccccc1CCCCCC,Density,0.87,g/cm3
1589,CC(C)CC(=O)CC(C)C,Density,0.806,g/cm3
1590,CC(C)C(=O)C(C)C,Density,0.806,g/cm3
1591,CC(C)NC(C)C,Density,0.712,g/cm3
1592,CC(C)NC(C)C,Density,0.712,g/cm3
1593,COC(=O)CN(CCN(CC(=O)OC)Cc1ccccc1OC(C)=O)Cc1ccccc1OC(C)=O,Density,1.152,g/cm3
1594,CS(C)=O,Density,1.101,g/cm3
1595,c1ccc(Oc2ccccc2)cc1,Density,1.073,g/cm3
1596,CCCNCCC,Density,0.736,g/cm3
1597,CCCNCCC,Density,0.736,g/cm3
1598,CCCNCCC,Density,0.736,g/cm3
1599,CCCNCCC,Density,0.736,g/cm3
1600,CCOC(C)COC(C)CO,Density,1.043,g/cm3
1601,C=CC=C,Density,0.773,g/cm3
1602,CCCCCCCCCCCC(=O)[O-],Density,0.8639,g/cm3
1603,BrCC1CO1,Density,1.601,g/cm3
1604,ClCC1CO1,Density,1.183,g/cm3
1605,FCC1CO1,Density,1.067,g/cm3
1606,CCO,Density,0.786,g/cm3
1607,CCO,Density,0.786,g/cm3
1608,CCO,Density,0.785,g/cm3
1609,[CH2]C,Density,0.754,g/cm3
1610,CCOC(C)=O,Density,0.902,g/cm3
1611,CCOC(=O)CC#N,Density,1.056,g/cm3
1612,CCOC(C)=O,Density,0.924,g/cm3
1613,CCOC(C)=O,Density,0.917,g/cm3
1614,CCOC(C)=O,Density,1.183,g/cm3
1615,CCOC=O,Density,0.916,g/cm3
1616,CCOC(=O)CC,Density,0.888,g/cm3
1617,CCOC(=O)CC,Density,0.888,g/cm3
1618,CCOC(=O)CC,Density,0.888,g/cm3
1619,CCSCC,Density,0.831,g/cm3
1620,CCSCC,Density,0.831,g/cm3
1621,CCSCC,Density,0.831,g/cm3
1622,CCSCC,Density,0.831,g/cm3
1623,CCSCC,Density,0.831,g/cm3
1624,CCSCC,Density,0.831,g/cm3
1625,CCSCC,Density,0.831,g/cm3
1626,CCc1ccccc1,Density,0.863,g/cm3
1627,CCc1ccccc1,Density,0.863,g/cm3
1628,CCc1ccccc1,Density,0.863,g/cm3
1629,CCc1ccccc1,Density,0.863,g/cm3
1630,CCc1ccccc1,Density,0.863,g/cm3
1631,CCc1ccccc1,Density,0.863,g/cm3
1632,CCc1ccccc1,Density,0.863,g/cm3
1633,CCc1ccccc1,Density,0.863,g/cm3
1634,CCc1ccccc1,Density,0.863,g/cm3
1635,CCc1ccccc1,Density,0.87,g/cm3
1636,CCc1ccccc1,Density,0.863,g/cm3
1637,CCc1ccccc1,Density,0.863,g/cm3
1638,CCc1ccccc1,Density,0.863,g/cm3
1639,CCc1ccccc1,Density,0.863,g/cm3
1640,CCc1ccccc1,Density,0.863,g/cm3
1641,CCc1ccccc1,Density,0.863,g/cm3
1642,CCc1ccccc1,Density,0.863,g/cm3
1643,CCc1ccccc1,Density,0.863,g/cm3
1644,CCc1ccccc1,Density,0.863,g/cm3
1645,CCc1ccccc1,Density,0.863,g/cm3
1646,CCc1ccccc1,Density,0.863,g/cm3
1647,CCc1ccccc1,Density,0.863,g/cm3
1648,CCc1ccccc1,Density,0.863,g/cm3
1649,CCc1ccccc1,Density,0.863,g/cm3
1650,CCc1ccccc1,Density,0.863,g/cm3
1651,O=C1OCCO1,Density,1.321,g/cm3
1652,ClCCCl,Density,1.256,g/cm3
1653,CC(=O)O.CC(=O)O.OCCO,Density,1.128,g/cm3
1654,CC(=O)O.CC(=O)O.OCCO,Density,1.128,g/cm3
1655,C(COCC1CO1)OCC1CO1,Density,1.134,g/cm3
1656,C(COCC1CO1)OCC1CO1,Density,1.134,g/cm3
1657,CCCCOCCO,Density,0.903,g/cm3
1658,CCOCCO,Density,0.93,g/cm3
1659,CCOCCOCC,Density,0.842,g/cm3
1660,COCCOC,Density,0.867,g/cm3
1661,C1CO1,Density,0.891,g/cm3
1662,BrC=C(Br)Br,Density,2.708,g/cm3
1663,CCCCCC(CC)OC(C)=O,Density,0.87,g/cm3
1664,Fc1ccccc1,Density,1.02,g/cm3
1665,Fc1ccccc1,Density,1.02,g/cm3
1666,NC=O,Density,1.129,g/cm3
1667,NC=O,Density,1.129,g/cm3
1668,NC=O,Density,1.134,g/cm3
1669,O=C[O-],Density,0.9651,g/cm3
1670,OCc1ccco1,Density,1.135,g/cm3
1671,c1coc(COCC2CO2)c1,Density,1.122,g/cm3
1672,O=[C-]CCCC#[O+],Density,1.324,g/cm3
1673,OCC(O)CO,Density,1.261,g/cm3
1674,OCC1CO1,Density,1.117,g/cm3
1675,CC/C=C\C/C=C\C/C=C\CCCCCCCC(=O)OCC1CO1,Density,1.006,g/cm3
1676,CC(C)OCC1CO1,Density,0.924,g/cm3
1677,ClC(Cl)(Cl)C(Cl)(Cl)Cl,Density,2.091,g/cm3
1678,CCCCCCCCCCCCCCCC(=O)O.CCCCCCCCCCCCCCCC(=O)O,Density,0.8602,g/cm3
1679,Fc1c(F)c(F)c(F)c(F)c1F,Density,1.612,g/cm3
1680,CN(C)P(=O)(N(C)C)N(C)C,Density,1.03,g/cm3
1681,CCCCCC,Density,0.659,g/cm3
1682,CCCCCC(=O)O.CCCCCC(=O)O,Density,0.8837,g/cm3
1683,CCCCCCc1c(C)cccc1C,Density,0.86,g/cm3
1684,CCCCCCc1ccccc1CC,Density,0.868,g/cm3
1685,CC(=O)OCCC(C)C,Density,0.868,g/cm3
1686,CC(C)CCOC(=O)CC(C)C,Density,0.853,g/cm3
1687,CC(C)CCOC(=O)CC(C)C,Density,0.853,g/cm3
1688,CC(C)CCCC(=O)[O-],Density,0.868,g/cm3
1689,CC(C)CO,Density,0.803,g/cm3
1690,COCC(C)C,Density,0.7645,g/cm3
1691,CC(C)COC(=O)C(C)C,Density,0.855,g/cm3
1692,CC(=O)OCC(C)C,Density,0.871,g/cm3
1693,CC(=O)OCC(C)C,Density,0.871,g/cm3
1694,CC(=O)OCC(C)C,Density,1.19,g/cm3
1695,CC(=O)OCC(C)C,Density,0.886,g/cm3
1696,CC(=O)OCC(C)C,Density,0.8896,g/cm3
1697,CC(C)COC=O,Density,0.881,g/cm3
1698,CC(C)COC=O,Density,0.881,g/cm3
1699,CC(C)COC=O,Density,0.881,g/cm3
1700,CC(C)COC=O,Density,0.881,g/cm3
1701,CC(C)COC=O,Density,0.881,g/cm3
1702,CC(C)CN,Density,0.729,g/cm3
1703,CC(C)CN,Density,0.729,g/cm3
1704,CC(C)C(=O)O,Density,0.95,g/cm3
1705,CC1=CC(=O)CC(C)(C)C1,Density,0.923,g/cm3
1706,CC(C)O,Density,0.785,g/cm3
1707,CC(=O)OC(C)C,Density,0.868,g/cm3
1708,CC(=O)OC(C)C,Density,0.872,g/cm3
1709,CC(C)N,Density,0.694,g/cm3
1710,CC(C)c1ccccc1,Density,0.857,g/cm3
1711,CC(C)c1ccccc1,Density,0.857,g/cm3
1712,CC(C)c1ccccc1,Density,0.857,g/cm3
1713,CC(C)c1ccccc1,Density,0.857,g/cm3
1714,CC(C)c1ccccc1,Density,0.857,g/cm3
1715,CC(C)c1ccccc1,Density,0.857,g/cm3
1716,CC(C)c1ccccc1,Density,0.857,g/cm3
1717,CC(C)c1ccccc1,Density,0.857,g/cm3
1718,CC(C)c1ccccc1,Density,0.857,g/cm3
1719,CC(C)c1ccccc1,Density,0.857,g/cm3
1720,CC(C)c1ccccc1,Density,0.857,g/cm3
1721,CC(C)c1ccccc1,Density,0.86,g/cm3
1722,CC(C)c1ccccc1,Density,0.857,g/cm3
1723,CC(C)c1ccccc1,Density,0.857,g/cm3
1724,CC(C)c1ccccc1,Density,0.857,g/cm3
1725,CC(C)c1ccccc1,Density,0.857,g/cm3
1726,CC(C)c1ccccc1,Density,0.857,g/cm3
1727,CC(C)c1ccccc1,Density,0.857,g/cm3
1728,CC(C)CC(=O)O,Density,0.923,g/cm3
1729,CC(C)CC(=O)O,Density,0.923,g/cm3
1730,O=C([O-])CC(=O)[O-],Density,1.449,g/cm3
1731,CC(=O)C=C(C)C,Density,0.85,g/cm3
1732,CC(=O)C=C(C)C,Density,0.85,g/cm3
1733,CC(=O)C=C(C)C,Density,0.85,g/cm3
1734,CC(=O)C=C(C)C,Density,0.85,g/cm3
1735,CC(=O)C=C(C)C,Density,0.858,g/cm3
1736,CC(=O)C=C(C)C,Density,0.85,g/cm3
1737,CC(=O)C=C(C)C,Density,0.85,g/cm3
1738,Cc1cc(C)cc(C)c1,Density,0.861,g/cm3
1739,Cc1cc(C)cc(C)c1,Density,0.864,g/cm3
1740,Cc1cc(C)cc(C)c1,Density,0.861,g/cm3
1741,Cc1cc(C)cc(C)c1,Density,0.861,g/cm3
1742,Cc1cc(C)cc(C)c1,Density,0.874,g/cm3
1743,Cc1cc(C)cc(C)c1,Density,0.861,g/cm3
1744,Cc1cc(C)cc(C)c1,Density,0.861,g/cm3
1745,Cc1cc(C)cc(C)c1,Density,0.861,g/cm3
1746,Cc1cc(C)cc(C)c1,Density,0.861,g/cm3
1747,Cc1cc(C)cc(C)c1,Density,0.861,g/cm3
1748,Cc1cc(C)cc(C)c1,Density,0.874,g/cm3
1749,Cc1cc(C)cc(C)c1,Density,0.861,g/cm3
1750,Cc1cc(C)cc(C)c1,Density,0.861,g/cm3
1751,Cc1cc(C)cc(C)c1,Density,0.861,g/cm3
1752,Cc1cc(C)cc(C)c1,Density,0.861,g/cm3
1753,C=C(C)C(N)=O,Density,1.1,g/cm3
1754,C=C(C)C#N,Density,0.795,g/cm3
1755,C=C(C)C#N,Density,0.795,g/cm3
1756,C=C(C)C#N,Density,0.795,g/cm3
1757,C=C(C)C#N,Density,0.795,g/cm3
1758,C=C(C)C#N,Density,0.795,g/cm3
1759,C=C(C)C#N,Density,0.795,g/cm3
1760,C=C(C)C#N,Density,0.795,g/cm3
1761,CO,Density,0.791,g/cm3
1762,[CH3],Density,0.7511,g/cm3
1763,COC(C)=O,Density,0.932,g/cm3
1764,COC(C)=O,Density,0.935,g/cm3
1765,CCCC(=O)OC,Density,0.875,g/cm3
1766,CCCC(=O)OC,Density,0.875,g/cm3
1767,CCCC(=O)OC,Density,0.875,g/cm3
1768,CCCC(=O)OC,Density,0.875,g/cm3
1769,CCC(C)=O,Density,0.805,g/cm3
1770,CC(=O)CCC(C)C,Density,0.888,g/cm3
1771,CC(=O)CC(C)C,Density,0.801,g/cm3
1772,C=C(C)C(=O)OC,Density,0.795,g/cm3
1773,CCCC(C)=O,Density,0.802,g/cm3
1774,COC(=O)c1ccccc1O,Density,0.836,g/cm3
1775,COC(=O)c1ccccc1O,Density,0.836,g/cm3
1776,COC(=O)c1ccccc1O,Density,0.836,g/cm3
1777,CC12C=CC(C1)C(C(=O)O)C2C(=O)O,Density,1.232,g/cm3
1778,CC1CCCCC1,Density,0.765,g/cm3
1779,CC1CCCCC1,Density,0.765,g/cm3
1780,CC1CCCC1,Density,0.744,g/cm3
1781,CC1CCCC1,Density,0.744,g/cm3
1782,C1COCCN1,Density,0.999,g/cm3
1783,CC(=O)N(C)C,Density,0.937,g/cm3
1784,CN(C)C=O,Density,0.944,g/cm3
1785,CCC(O)CNCCO,Density,1.027,g/cm3
1786,CCCCN(CCO)CCO,Density,0.965,g/cm3
1787,CCCCN(CCO)CCO,Density,0.965,g/cm3
1788,C=CCNc1ccccc1,Density,0.982,g/cm3
1789,CN1CCOCC1,Density,0.924,g/cm3
1790,CN1CCCC1=O,Density,1.033,g/cm3
1791,CN1CCOCC1,Density,0.924,g/cm3
1792,CC(C)(C)CCCCCC(=O)[O-],Density,0.882,g/cm3
1793,O=[N+]([O-])c1ccccc1,Density,1.196,g/cm3
1794,C[N+](=O)[O-],Density,1.127,g/cm3
1795,CCCCC[C@@H](CC(=O)O)C(=O)O,Density,0.8689,g/cm3
1796,CCCCCCCCCCCCCCCCCC(=O)O.CCCCCCCCCCCCCCCCCC(=O)O,Density,0.904,g/cm3
1797,CCCCCCCC,Density,0.698,g/cm3
1798,CCCCCCCC(=O)[O-],Density,0.8719,g/cm3
1799,CCCCCCCC/C=C\CCCCCCCC(=O)O,Density,0.887,g/cm3
1800,CCCCCCCC/C=C\CCCCCCCC(=O)O,Density,0.887,g/cm3
1801,CCCCCCCC/C=C\CCCCCCCC(=O)O,Density,0.887,g/cm3
1802,CCCCCCCC/C=C\CCCCCCCC(=O)O,Density,0.887,g/cm3
1803,CCCCC,Density,0.873,g/cm3
1804,CCCCCO,Density,0.81,g/cm3
1805,CCCCCO,Density,0.81,g/cm3
1806,FC(F)(F)C(F)(F)C(F)(F)C(F)(F)N(C(F)(F)C(F)(F)C(F)(F)C(F)(F)F)C(F)(F)C(F)(F)C(F)(F)C(F)(F)F,Density,1.883,g/cm3
1807,CCOc1ccccc1,Density,0.961,g/cm3
1808,CCOc1ccccc1,Density,0.961,g/cm3
1809,Oc1ccccc1,Density,1.071,g/cm3
1810,COc1c(OC(C)=O)ccc(C)c1C,Density,1.165,g/cm3
1811,CC(C)(C)C(=O)[O-],Density,0.866,g/cm3
1812,C=CCC,Density,0.86,g/cm3
1813,C=CCC,Density,0.868,g/cm3
1814,C=CCC,Density,0.868,g/cm3
1815,C=CCC,Density,0.87,g/cm3
1816,C=C,Density,2.36,g/cm3
1817,C=C,Density,2,g/cm3
1818,C=C,Density,196,g/cm3
1819,C=C,Density,54,g/cm3
1820,C=C,Density,3.9,g/cm3
1821,C=C,Density,260,g/cm3
1822,C=C,Density,39,g/cm3
1823,C=C,Density,43.6,g/cm3
1824,C=C,Density,18.5,g/cm3
1825,C[Si](C)=O,Density,0.98,g/cm3
1826,C=C,Density,0.9232,g/cm3
1827,C=C,Density,0.9219,g/cm3
1828,C=C,Density,0.9228,g/cm3
1829,C=C,Density,0.9218,g/cm3
1830,C=C,Density,0.9188,g/cm3
1831,C=C,Density,0.9334,g/cm3
1832,C=C,Density,0.9549,g/cm3
1833,C=C,Density,0.9554,g/cm3
1834,C=C,Density,0.9207,g/cm3
1835,C=C,Density,0.9225,g/cm3
1836,C=C,Density,0.906,g/cm3
1837,C=C,Density,0.926,g/cm3
1838,C=C,Density,0.98,g/cm3
1839,C=C,Density,0.969,g/cm3
1840,C=C,Density,0.968,g/cm3
1841,C=C,Density,0.952,g/cm3
1842,C=C,Density,0.947,g/cm3
1843,C=C,Density,0.943,g/cm3
1844,C=C,Density,0.933,g/cm3
1845,C=C,Density,0.931,g/cm3
1846,C=C,Density,0.919,g/cm3
1847,C=C,Density,0.928,g/cm3
1848,C=C,Density,0.957,g/cm3
1849,C=C,Density,0.925,g/cm3
1850,C=C,Density,0.941,g/cm3
1851,C=C,Density,0.936,g/cm3
1852,C=C,Density,0.934,g/cm3
1853,C=C,Density,0.914,g/cm3
1854,C=C,Density,0.919,g/cm3
1855,C=C,Density,0.936,g/cm3
1856,C=C,Density,0.917,g/cm3
1857,C=C,Density,0.91,g/cm3
1858,C=C,Density,0.917,g/cm3
1859,C=C,Density,0.925,g/cm3
1860,C=C,Density,0.929,g/cm3
1861,C=C,Density,0.9142,g/cm3
1862,C=C,Density,0.954,g/cm3
1863,C=C,Density,1,g/cm3
1864,C=C,Density,0.855,g/cm3
1865,C=C,Density,0.855,g/cm3
1866,C=C,Density,0.887,g/cm3
1867,C=C,Density,0.811,g/cm3
1868,C=C,Density,0.998,g/cm3
1869,C=C,Density,0.852,g/cm3
1870,CCC,Density,0.888,g/cm3
1871,C=C(C)Br,Density,1.362,g/cm3
1872,C=C(C)Cl,Density,0.899,g/cm3
1873,CCC(=O)[O-],Density,0.9173,g/cm3
1874,CCC(=O)OC(=O)CC,Density,1.007,g/cm3
1875,CCC#N,Density,0.777,g/cm3
1876,CCCOC(C)=O,Density,0.888,g/cm3
1877,CC1COC(=O)O1,Density,1.189,g/cm3
1878,CC(O)CO,Density,1.036,g/cm3
1879,CCCCOCC(C)O,Density,0.885,g/cm3
1880,CCCOCC(C)O,Density,0.885,g/cm3
1881,CC(O)COC(C)(C)C,Density,0.874,g/cm3
1882,COCC(C)O,Density,0.922,g/cm3
1883,CC1CO1,Density,0.83,g/cm3
1884,c1ccncc1,Density,0.978,g/cm3
1885,c1ccncc1,Density,0.978,g/cm3
1886,C=Cc1ccccc1,Density,0.9059,g/cm3
1887,c1ccc(C2CO2)cc1,Density,1.054,g/cm3
1888,C=Cc1ccccc1N,Density,1.608,g/cm3
1889,C=Cc1ccccc1Br,Density,1.46,g/cm3
1890,C=Cc1ccccc1Cl,Density,1.08,g/cm3
1891,C=Cc1ccccc1CC,Density,0.8955,g/cm3
1892,C=Cc1ccccc1F,Density,1.025,g/cm3
1893,C=Cc1ccccc1O,Density,1.0609,g/cm3
1894,C=Cc1ccccc1OC,Density,1.0049,g/cm3
1895,C=Cc1ccccc1C,Density,0.917,g/cm3
1896,C=Cc1cccc(Br)c1,Density,1.406,g/cm3
1897,C=Cc1cccc(Cl)c1,Density,1.09,g/cm3
1898,C=Cc1cccc(C#N)c1,Density,1.083,g/cm3
1899,C=Cc1cccc(F)c1,Density,1.025,g/cm3
1900,C=Cc1cccc(O)c1,Density,1.0468,g/cm3
1901,C=Cc1cccc(OC)c1,Density,0.9999,g/cm3
1902,C=Cc1cccc(C)c1,Density,0.89,g/cm3
1903,C=Cc1cccc([N+](=O)[O-])c1,Density,1.07,g/cm3
1904,C=Cc1ccc(OC(C)=O)cc1,Density,1.06,g/cm3
1905,C=Cc1ccc(N)cc1,Density,1.014,g/cm3
1906,C=Cc1ccc(Br)cc1,Density,1.4,g/cm3
1907,C=Cc1ccc(Cl)cc1,Density,1.155,g/cm3
1908,C=Cc1ccc(OCC)cc1,Density,0.99,g/cm3
1909,C=Cc1ccc(CC)cc1,Density,0.8925,g/cm3
1910,C=Cc1ccc(F)cc1,Density,1.024,g/cm3
1911,C=Cc1ccc(OC)cc1,Density,0.994,g/cm3
1912,C=Cc1ccc(C)cc1,Density,0.897,g/cm3
1913,ClC(Cl)=C(Cl)Cl,Density,1.623,g/cm3
1914,CCCCCCCCCCCCCC(=O)O.CCCCCCCCCCCCCC(=O)O,Density,0.87,g/cm3
1915,C1CCOC1,Density,0.885,g/cm3
1916,C1CCOC1,Density,0.885,g/cm3
1917,C1CCOC1,Density,0.889,g/cm3
1918,OCC1CCCO1,Density,1.05,g/cm3
1919,OCC1CCCO1,Density,1.054,g/cm3
1920,O=S1(=O)CCCC1,Density,1.261,g/cm3
1921,CN(C)C(=O)N(C)C,Density,0.971,g/cm3
1922,c1ccsc1,Density,1.059,g/cm3
1923,Cc1ccccc1,Density,0.862,g/cm3
1924,Cc1ccccc1,Density,0.862,g/cm3
1925,Cc1ccccc1,Density,0.862,g/cm3
1926,Cc1ccccc1,Density,0.862,g/cm3
1927,Cc1ccccc1,Density,0.862,g/cm3
1928,Cc1ccccc1,Density,0.862,g/cm3
1929,Cc1ccccc1,Density,0.862,g/cm3
1930,Cc1ccccc1,Density,0.862,g/cm3
1931,Cc1ccccc1,Density,0.862,g/cm3
1932,Cc1ccccc1,Density,0.862,g/cm3
1933,Cc1ccccc1,Density,0.862,g/cm3
1934,Cc1ccccc1,Density,0.862,g/cm3
1935,Cc1ccccc1,Density,0.862,g/cm3
1936,Cc1ccccc1,Density,0.862,g/cm3
1937,Cc1ccccc1,Density,0.862,g/cm3
1938,Cc1ccccc1,Density,0.862,g/cm3
1939,Cc1ccccc1,Density,0.862,g/cm3
1940,Cc1ccccc1,Density,0.862,g/cm3
1941,Cc1ccccc1,Density,0.862,g/cm3
1942,Cc1ccccc1,Density,0.862,g/cm3
1943,Cc1ccccc1,Density,0.862,g/cm3
1944,Cc1ccccc1,Density,0.865,g/cm3
1945,Cc1ccccc1,Density,0.862,g/cm3
1946,Cc1ccccc1,Density,0.862,g/cm3
1947,Cc1ccccc1,Density,0.862,g/cm3
1948,CCCCOB(OCCCC)OCCCC,Density,0.854,g/cm3
1949,CCCCOB(OCCCC)OCCCC,Density,0.854,g/cm3
1950,CCCCOB(OCCCC)OCCCC,Density,0.854,g/cm3
1951,ClC=C(Cl)Cl,Density,1.463,g/cm3
1952,Cc1ccc(OP(=O)(Oc2ccc(C)cc2)Oc2ccc(C)cc2)cc1,Density,1.143,g/cm3
1953,CCN(CC)CC,Density,0.723,g/cm3
1954,CCN(CC)CC,Density,0.723,g/cm3
1955,CCN(CC)CC,Density,0.723,g/cm3
1956,CCN(CC)CC,Density,0.723,g/cm3
1957,CCN(CC)CC,Density,0.723,g/cm3
1958,O=C([O-])C(F)(F)F,Density,1.203,g/cm3
1959,O=C(O)C(F)(F)F,Density,1.48,g/cm3
1960,CCCCC(=O)O,Density,0.936,g/cm3
1961,CCCCC(=O)O,Density,0.936,g/cm3
1962,CCCCC#N,Density,0.795,g/cm3
1963,CCCCC#N,Density,0.795,g/cm3
1964,CCCCC#N,Density,0.795,g/cm3
1965,CCCCC#N,Density,0.795,g/cm3
1966,CCCCC#N,Density,0.795,g/cm3
1967,C=CC1CO1,Density,0.87,g/cm3
1968,O,Density,0.998,g/cm3
1969,Cc1cccnc1,Density,0.953,g/cm3
1970,O=C1CCO1,Density,1.146,g/cm3
1971,C1CC[C@H]2CCCC[C@H]2C1,Density,0.896,g/cm3
1972,C1CC[C@H]2CCCC[C@H]2C1,Density,0.893,g/cm3
1973,C1CC[C@H]2CCCC[C@H]2C1,Density,0.893,g/cm3
1974,C1CC[C@H]2CCCC[C@H]2C1,Density,0.893,g/cm3
1975,C1CC[C@H]2CCCC[C@H]2C1,Density,0.893,g/cm3
1976,O=C1CCCCCO1,Density,1.03,g/cm3
1977,O=C1CCCO1,Density,1.12,g/cm3
1978,O=C1CCCO1,Density,1.12,g/cm3
1979,Cc1cccc(O)c1,Density,1.037,g/cm3
1980,Cc1cccc(O)c1,Density,1.037,g/cm3
1981,Cc1cccc(O)c1,Density,1.034,g/cm3
1982,Cc1cccc(F)c1,Density,0.994,g/cm3
1983,Cc1cccc(N)c1,Density,0.985,g/cm3
1984,Cc1cccc(C)c1,Density,0.86,g/cm3
1985,Cc1cccc(C)c1,Density,0.86,g/cm3
1986,Cc1cccc(C)c1,Density,0.86,g/cm3
1987,Cc1cccc(C)c1,Density,0.86,g/cm3
1988,Cc1cccc(C)c1,Density,0.86,g/cm3
1989,Cc1cccc(C)c1,Density,0.86,g/cm3
1990,Cc1cccc(C)c1,Density,0.86,g/cm3
1991,Cc1cccc(C)c1,Density,0.86,g/cm3
1992,Cc1cccc(C)c1,Density,0.86,g/cm3
1993,Cc1cccc(C)c1,Density,0.86,g/cm3
1994,Cc1cccc(C)c1,Density,0.86,g/cm3
1995,Cc1cccc(C)c1,Density,0.86,g/cm3
1996,Cc1cccc(C)c1,Density,0.86,g/cm3
1997,Cc1cccc(C)c1,Density,0.86,g/cm3
1998,Cc1cccc(C)c1,Density,0.86,g/cm3
1999,Cc1cccc(C)c1,Density,0.86,g/cm3
2000,Cc1cccc(C)c1,Density,0.86,g/cm3
2001,Cc1cccc(C)c1,Density,0.86,g/cm3
2002,CCCCO,Density,0.812,g/cm3
2003,CCCCO,Density,0.812,g/cm3
2004,CCCCO,Density,0.81,g/cm3
2005,CCCCOC(C)=O,Density,0.882,g/cm3
2006,CCCCOC(C)=O,Density,0.877,g/cm3
2007,CCCCOC(C)=O,Density,0.877,g/cm3
2008,CCCCOC(C)=O,Density,0.877,g/cm3
2009,CCCCOC=O,Density,0.888,g/cm3
2010,CCCCOCC,Density,0.746,g/cm3
2011,CCCCOCC,Density,0.746,g/cm3
2012,CCCCOCC1CO1,Density,0.91,g/cm3
2013,CCCCN,Density,0.736,g/cm3
2014,CCCCN,Density,0.736,g/cm3
2015,CCCCN,Density,0.736,g/cm3
2016,CCCCC(=O)[O-],Density,0.888,g/cm3
2017,CCCCCCCCCC,Density,0.726,g/cm3
2018,CCCCCCCCCCCC,Density,0.775,g/cm3
2019,CCCCCCCCCCCC,Density,0.746,g/cm3
2020,CCCCCCCCCCCC,Density,0.746,g/cm3
2021,CCCCCCCCCCCC,Density,0.746,g/cm3
2022,CCCCCCCCCCCCc1cc(C)ccc1Oc1ccc(C)cc1CCCCCCCCCCCC,Density,0.889,g/cm3
2023,CCCCCCCCCCCCc1cc(C)ccc1Oc1ccc(C)cc1CCCCCCCCCCCC,Density,0.889,g/cm3
2024,CCCCCCCCCCCCc1cc(C(C)(C)C)ccc1Oc1ccc(C(C)(C)C)cc1CCCCCCCCCCCC,Density,0.881,g/cm3
2025,CCCCCCCCCCCCc1cc(C(C)(C)C)ccc1Oc1ccc(C(C)(C)C)cc1CCCCCCCCCCCC,Density,0.881,g/cm3
2026,CCCCCCCCCCCCOc1ccccc1,Density,0.891,g/cm3
2027,CCCCCCCCCCCCOc1ccccc1,Density,0.891,g/cm3
2028,CCCCCCCCCCCCOc1ccccc1,Density,0.891,g/cm3
2029,CCCCCCC,Density,0.68,g/cm3
2030,CCCCCCC,Density,0.68,g/cm3
2031,CCCCCCC,Density,0.68,g/cm3
2032,CCCCCCC,Density,0.684,g/cm3
2033,CCCCCCC,Density,0.68,g/cm3
2034,CCCCCCC,Density,0.68,g/cm3
2035,CCCCCC,Density,0.655,g/cm3
2036,CCCCCC,Density,0.655,g/cm3
2037,CCCCCC,Density,0.655,g/cm3
2038,CCCCCCCCC,Density,0.714,g/cm3
2039,CCCCCCCCC,Density,0.714,g/cm3
2040,CCCCCCCCC,Density,0.714,g/cm3
2041,CCCCCCCC,Density,0.703,g/cm3
2042,CCCCCO,Density,0.811,g/cm3
2043,CCCO,Density,0.804,g/cm3
2044,CCCO,Density,0.806,g/cm3
2045,CCCO,Density,0.806,g/cm3
2046,CCCOC(C)=O,Density,0.883,g/cm3
2047,CCCOC(C)=O,Density,0.883,g/cm3
2048,CCCOC(C)=O,Density,0.883,g/cm3
2049,CCCOCCC,Density,0.753,g/cm3
2050,CCCN,Density,0.713,g/cm3
2051,CCCN,Density,0.713,g/cm3
2052,CCCN,Density,0.713,g/cm3
2053,CCCc1ccccc1,Density,0.858,g/cm3
2054,CCCc1ccccc1,Density,0.858,g/cm3
2055,CCCc1ccccc1,Density,0.858,g/cm3
2056,CCCc1ccccc1,Density,0.858,g/cm3
2057,CCCc1ccccc1,Density,0.858,g/cm3
2058,CCCc1ccccc1,Density,0.858,g/cm3
2059,CCCc1ccccc1,Density,0.858,g/cm3
2060,CCCc1ccccc1,Density,0.858,g/cm3
2061,CCCc1ccccc1,Density,0.858,g/cm3
2062,CCCc1ccccc1,Density,0.858,g/cm3
2063,CCCc1ccccc1,Density,0.858,g/cm3
2064,CCCc1ccccc1,Density,0.856,g/cm3
2065,CCCc1ccccc1,Density,0.858,g/cm3
2066,CCCc1ccccc1,Density,0.858,g/cm3
2067,CCCc1ccccc1,Density,0.858,g/cm3
2068,CCCc1ccccc1,Density,0.858,g/cm3
2069,CCCc1ccccc1,Density,0.858,g/cm3
2070,CCCc1ccccc1,Density,0.858,g/cm3
2071,CCCc1ccccc1,Density,0.858,g/cm3
2072,CCCc1ccccc1,Density,0.858,g/cm3
2073,Cc1ccccc1F,Density,0.995,g/cm3
2074,Cc1ccccc1N,Density,0.994,g/cm3
2075,Cc1ccccc1C,Density,0.876,g/cm3
2076,Cc1ccccc1C,Density,0.87,g/cm3
2077,Cc1ccc(C(C)C)cc1,Density,0.853,g/cm3
2078,Cc1ccc(C(C)C)cc1,Density,0.853,g/cm3
2079,Cc1ccc(C(C)C)cc1,Density,0.853,g/cm3
2080,Cc1ccc(C(C)C)cc1,Density,0.853,g/cm3
2081,Cc1ccc(C(C)C)cc1,Density,0.853,g/cm3
2082,Cc1ccc(C(C)C)cc1,Density,0.853,g/cm3
2083,Cc1ccc(C(C)C)cc1,Density,0.853,g/cm3
2084,Cc1ccc(C(C)C)cc1,Density,0.853,g/cm3
2085,Cc1ccc(C(C)C)cc1,Density,0.853,g/cm3
2086,Cc1ccc(C(C)C)cc1,Density,0.853,g/cm3
2087,Cc1ccc(C(C)C)cc1,Density,0.853,g/cm3
2088,Cc1ccc(F)cc1,Density,0.994,g/cm3
2089,Cc1ccc(F)cc1,Density,0.995,g/cm3
2090,Cc1ccc(C)cc1,Density,0.857,g/cm3
2091,Cc1ccc(C)cc1,Density,0.857,g/cm3
2092,Cc1ccc(C)cc1,Density,0.857,g/cm3
2093,Cc1ccc(C)cc1,Density,0.857,g/cm3
2094,Cc1ccc(C)cc1,Density,0.857,g/cm3
2095,Cc1ccc(C)cc1,Density,0.857,g/cm3
2096,Cc1ccc(C)cc1,Density,0.857,g/cm3
2097,Cc1ccc(C)cc1,Density,0.857,g/cm3
2098,Cc1ccc(C)cc1,Density,0.857,g/cm3
2099,Cc1ccc(C)cc1,Density,0.857,g/cm3
2100,Cc1ccc(C)cc1,Density,0.857,g/cm3
2101,Cc1ccc(C)cc1,Density,0.857,g/cm3
2102,Cc1ccc(C)cc1,Density,0.857,g/cm3
2103,Cc1ccc(C)cc1,Density,0.857,g/cm3
2104,Cc1ccc(C)cc1,Density,0.857,g/cm3
2105,Cc1ccc(C)cc1,Density,0.866,g/cm3
2106,Cc1ccc(C)cc1,Density,0.857,g/cm3
2107,Cc1ccc(C)cc1,Density,0.857,g/cm3
2108,Cc1ccc(C)cc1,Density,0.857,g/cm3
2109,Cc1ccc(C)cc1,Density,0.857,g/cm3
2110,Cc1ccc(C)cc1,Density,0.857,g/cm3
2111,Cc1ccc(C)cc1,Density,0.857,g/cm3
2112,Cc1ccc(C)cc1,Density,0.857,g/cm3
2113,Cc1ccc(C)cc1,Density,0.857,g/cm3
2114,CCC(C)OC(C)=O,Density,0.868,g/cm3
2115,CCC(C)OC(C)=O,Density,0.868,g/cm3
2116,CCC(C)N,Density,0.72,g/cm3
2117,CCC(C)N,Density,0.72,g/cm3
2118,CCC(C)c1ccccc1,Density,0.858,g/cm3
2119,CCC(C)c1ccccc1,Density,0.858,g/cm3
2120,CCC(C)c1ccccc1,Density,0.858,g/cm3
2121,CCC(C)c1ccccc1,Density,0.858,g/cm3
2122,CCC(C)c1ccccc1,Density,0.858,g/cm3
2123,CCC(C)c1ccccc1,Density,0.858,g/cm3
2124,CCC(C)c1ccccc1,Density,0.858,g/cm3
2125,CCC(C)c1ccccc1,Density,0.858,g/cm3
2126,CCC(C)c1ccccc1,Density,0.858,g/cm3
2127,CCC(C)c1ccccc1,Density,0.858,g/cm3
2128,CCC(C)c1ccccc1,Density,0.858,g/cm3
2129,CCC(C)c1ccccc1,Density,0.858,g/cm3
2130,CCC(C)c1ccccc1,Density,0.858,g/cm3
2131,CCC(C)c1ccccc1,Density,0.858,g/cm3
2132,CCC(C)c1ccccc1,Density,0.858,g/cm3
2133,CCC(C)c1ccccc1,Density,0.858,g/cm3
2134,CCC(C)c1ccccc1,Density,0.858,g/cm3
2135,CCC(C)c1ccccc1,Density,0.858,g/cm3
2136,CCC(C)c1ccccc1,Density,0.856,g/cm3
2137,CCC(C)c1ccccc1,Density,0.858,g/cm3
2138,CC(C)(C)O,Density,0.781,g/cm3
2139,CC(C)(C)OCC1CO1,Density,0.917,g/cm3
2140,CC(C)(C)c1ccccc1,Density,0.862,g/cm3
2141,CC(C)(C)c1ccccc1,Density,0.862,g/cm3
2142,CC(C)(C)c1ccccc1,Density,0.862,g/cm3
2143,CC(C)(C)c1ccccc1,Density,0.862,g/cm3
2144,CC(C)(C)c1ccccc1,Density,0.862,g/cm3
2145,CC(C)(C)c1ccccc1,Density,0.862,g/cm3
2146,CC(C)(C)c1ccccc1,Density,0.862,g/cm3
2147,CC(C)(C)c1ccccc1,Density,0.862,g/cm3
2148,CC(C)(C)c1ccccc1,Density,0.862,g/cm3
2149,CC(C)(C)c1ccccc1,Density,0.862,g/cm3
2150,CC(C)(C)c1ccccc1,Density,0.862,g/cm3
2151,CC(C)(C)c1ccccc1,Density,0.862,g/cm3
2152,CC(C)(C)c1ccccc1,Density,0.862,g/cm3
2153,CC(C)(C)c1ccccc1,Density,0.862,g/cm3
2154,CC(C)(C)c1ccccc1,Density,0.862,g/cm3
2155,CC(C)(C)c1ccccc1,Density,0.862,g/cm3
2156,CC(C)(C)c1ccccc1,Density,0.862,g/cm3
2157,CC(C)(C)c1ccccc1,Density,0.862,g/cm3
2158,CC(C)(C)c1ccccc1,Density,0.862,g/cm3
2159,CC(C)(C)c1ccccc1,Density,0.862,g/cm3
2160,Cc1ccccc1C(C)(C)C,Density,0.858,g/cm3
2161,Cl/C=C/Cl,Density,1.257,g/cm3
2162,Cl/C=C/Cl,Density,1.257,g/cm3
2163,C1CC[C@H]2CCCC[C@@H]2C1,Density,0.867,g/cm3
2164,C1CC[C@H]2CCCC[C@@H]2C1,Density,0.867,g/cm3
